CustomerID,OrderDate,Amount
C0001,2023-10-04,91.96
C0001,2023-09-22,69.98
C0001,2024-01-22,173.38
C0002,2024-08-09,282.22
C0002,2024-09-15,285.2
C0002,2024-06-08,116.26
C0002,2024-08-23,251.07
C0003,2024-10-04,210.71
C0003,2024-08-13,166.46
C0003,2024-08-17,265.27
C0003,2024-05-07,183.11
C0004,2024-08-04,36.77
C0005,2024-05-21,499.9
C0005,2024-08-24,469.61
C0005,2024-11-11,419.15
C0005,2024-06-22,414.98
C0005,2024-09-12,236.57
C0005,2024-09-17,221.77
C0005,2024-12-03,483.92
C0005,2024-11-30,230.02
C0005,2024-08-13,414.95
C0005,2024-10-31,275.36
C0005,2024-09-23,157.76
C0005,2024-06-25,316.67
C0005,2024-12-01,332.06
C0006,2024-11-07,488.79
C0006,2024-11-04,356.48
C0006,2024-11-14,297.19
C0006,2024-10-07,373.78
C0006,2024-10-17,224.54
C0006,2024-07-18,366.04
C0006,2024-11-23,362.83
C0006,2024-10-10,287.29
C0006,2024-10-01,181.85
C0006,2024-11-09,341.61
C0006,2024-10-13,288.79
C0006,2024-09-16,451.83
C0006,2024-08-20,428.77
C0006,2024-08-15,474.31
C0006,2024-10-18,419.12
C0006,2024-10-08,310.7
C0006,2024-11-27,367.28
C0006,2024-06-20,265.06
C0006,2024-11-18,234.05
C0007,2024-07-19,194.82
C0007,2024-09-13,290.11
C0007,2024-07-26,374.31
C0007,2024-09-04,393.78
C0007,2024-11-22,463.88
C0007,2024-06-05,330.33
C0007,2024-07-10,210.31
C0007,2024-08-17,228.35
C0007,2024-11-26,209.13
C0007,2024-09-16,271.67
C0008,2024-09-23,197.57
C0008,2024-09-12,125.39
C0008,2024-08-21,108.32
C0008,2024-08-10,150.75
C0008,2024-08-29,255.87
C0008,2024-05-26,231.31
C0008,2024-07-30,272.19
C0009,2024-09-14,30.31
C0010,2024-11-24,244.62
C0010,2024-06-05,126.06
C0010,2024-07-28,283.29
C0010,2024-11-18,216.02
C0010,2024-09-15,181.76
C0010,2024-08-15,93.72
C0011,2024-08-15,399.67
C0011,2024-08-19,445.55
C0011,2024-08-23,336.24
C0011,2024-11-20,306.59
C0011,2024-08-15,234.86
C0011,2024-08-11,282.05
C0011,2024-10-30,262.73
C0011,2024-09-13,264.62
C0011,2024-10-25,231.63
C0011,2024-11-25,357.76
C0011,2024-10-01,274.29
C0011,2024-08-21,317.85
C0011,2024-08-19,407.89
C0011,2024-08-19,410.9
C0011,2024-08-17,347.56
C0011,2024-10-27,249.32
C0011,2024-12-02,464.88
C0011,2024-10-05,349.77
C0012,2024-05-26,132.19
C0012,2024-04-27,129.57
C0012,2024-07-16,134.11
C0012,2024-09-20,267.18
C0012,2024-03-18,142.72
C0013,2024-10-30,170.29
C0013,2024-10-25,299.4
C0013,2024-11-24,167.53
C0014,2024-06-17,50.8
C0014,2024-02-24,88.69
C0014,2023-12-25,173.13
C0014,2023-12-10,133.51
C0014,2024-02-06,121.49
C0015,2024-10-18,488.8
C0015,2024-10-20,298.9
C0015,2024-12-07,234.84
C0015,2024-11-10,397.53
C0015,2024-08-07,251.02
C0015,2024-11-20,327.14
C0015,2024-09-18,262.22
C0015,2024-12-24,168.14
C0015,2024-07-02,308.99
C0015,2024-12-22,172.18
C0015,2024-07-08,220.61
C0015,2024-07-12,433.46
C0015,2024-10-23,198.59
C0015,2024-10-15,416.08
C0015,2024-08-06,315.05
C0015,2024-07-17,272.1
C0015,2024-11-08,447.75
C0015,2024-06-22,487.76
C0015,2024-10-10,476.53
C0016,2024-07-14,213.43
C0016,2024-11-18,474.26
C0016,2024-10-20,351.07
C0016,2024-10-20,423.53
C0016,2024-12-12,428.34
C0016,2024-12-09,429.84
C0016,2024-11-18,207.49
C0016,2024-12-18,232.49
C0016,2024-10-06,333.07
C0016,2024-08-13,260.67
C0016,2024-11-11,287.36
C0016,2024-11-13,308.18
C0016,2024-09-10,281.93
C0016,2024-06-27,368.44
C0016,2024-09-17,411.66
C0016,2024-08-02,352.12
C0016,2024-07-31,464.85
C0016,2024-06-12,340.24
C0017,2023-11-26,131.43
C0017,2023-11-07,190.97
C0017,2024-01-09,159.58
C0017,2024-04-11,70.89
C0017,2024-05-08,181.79
C0018,2024-06-08,124.63
C0019,2023-11-27,156.05
C0019,2023-09-30,161.59
C0019,2023-08-20,135.48
C0020,2024-04-29,163.2
C0020,2024-05-04,173.19
C0020,2024-03-24,106.82
C0021,2024-06-11,77.67
C0022,2024-07-23,230.24
C0022,2024-10-12,420.16
C0022,2024-07-25,374.4
C0022,2024-07-16,339.95
C0022,2024-11-14,359.66
C0022,2024-08-01,213.56
C0022,2024-10-14,269.88
C0022,2024-08-15,290.3
C0022,2024-11-10,250.78
C0022,2024-09-11,203.67
C0022,2024-08-08,198.69
C0022,2024-09-07,404.13
C0022,2024-07-09,476.24
C0022,2024-09-18,471.56
C0022,2024-08-16,472.87
C0023,2024-01-15,165.69
C0023,2024-03-30,141.01
C0023,2024-03-10,160.47
C0023,2024-03-21,176.07
C0023,2024-04-19,117.63
C0024,2023-12-29,74.83
C0024,2023-12-14,68.7
C0024,2024-03-30,99.82
C0025,2024-07-15,100.95
C0025,2024-06-11,75.52
C0026,2024-05-28,253.31
C0026,2024-06-23,153.37
C0026,2024-09-22,171.19
C0026,2024-08-26,282.37
C0026,2024-07-17,182.45
C0026,2024-06-15,282.06
C0026,2024-07-19,129.41
C0027,2024-06-09,236.88
C0027,2024-11-10,324.43
C0027,2024-05-21,161.86
C0027,2024-06-27,276.84
C0027,2024-10-03,247.16
C0027,2024-07-04,154.58
C0027,2024-10-17,212.31
C0027,2024-09-12,310.65
C0027,2024-07-10,295.12
C0027,2024-10-03,498.91
C0027,2024-10-17,254.86
C0027,2024-07-17,289.06
C0027,2024-06-09,223.47
C0027,2024-10-04,221.8
C0027,2024-11-06,368.74
C0027,2024-11-05,442.8
C0027,2024-11-16,173.0
C0027,2024-09-18,399.92
C0027,2024-05-25,337.06
C0028,2024-05-30,121.84
C0029,2024-12-23,133.41
C0029,2024-09-19,120.39
C0030,2024-09-03,334.3
C0030,2024-09-26,492.63
C0030,2024-11-20,400.59
C0030,2024-09-20,292.79
C0030,2024-10-26,227.69
C0030,2024-06-18,326.93
C0030,2024-10-11,186.44
C0030,2024-10-16,460.61
C0030,2024-09-21,233.36
C0030,2024-07-13,431.86
C0030,2024-09-25,402.79
C0030,2024-08-24,432.4
C0030,2024-07-31,289.01
C0030,2024-07-10,199.38
C0030,2024-08-02,252.6
C0030,2024-06-29,180.42
C0030,2024-10-09,179.93
C0031,2024-07-17,44.73
C0032,2024-11-29,297.5
C0032,2024-12-26,468.72
C0032,2024-06-14,269.64
C0032,2024-08-20,277.07
C0032,2024-08-31,243.82
C0032,2024-12-23,270.82
C0032,2024-08-13,302.64
C0032,2024-07-09,226.83
C0032,2024-10-03,422.92
C0032,2024-10-08,453.96
C0033,2024-07-30,213.74
C0033,2024-08-13,157.86
C0033,2024-11-21,409.59
C0033,2024-05-25,371.72
C0033,2024-08-24,226.31
C0033,2024-11-13,442.23
C0033,2024-12-01,196.3
C0033,2024-11-06,210.09
C0033,2024-10-29,156.44
C0033,2024-07-12,335.38
C0033,2024-10-24,351.78
C0033,2024-06-22,173.51
C0033,2024-06-23,378.0
C0033,2024-08-05,402.07
C0033,2024-08-10,153.85
C0034,2024-09-10,138.63
C0034,2024-05-22,135.16
C0034,2024-09-14,118.58
C0034,2024-05-17,264.38
C0034,2024-04-30,194.16
C0034,2024-09-03,157.85
C0034,2024-09-13,242.37
C0035,2024-09-05,249.62
C0035,2024-09-12,165.65
C0035,2024-09-01,176.18
C0035,2024-04-30,238.19
C0035,2024-09-02,214.29
C0036,2024-06-20,289.9
C0036,2024-05-12,241.17
C0036,2024-09-06,139.38
C0036,2024-05-14,115.64
C0037,2023-10-24,124.45
C0037,2023-09-26,73.2
C0037,2023-08-12,121.14
C0037,2023-11-01,61.27
C0037,2023-12-27,111.92
C0038,2024-11-12,310.89
C0038,2024-11-19,436.69
C0038,2024-09-07,393.14
C0038,2024-09-13,356.58
C0038,2024-12-05,260.11
C0038,2024-06-20,471.06
C0038,2024-06-18,426.5
C0038,2024-10-28,306.1
C0038,2024-11-07,180.35
C0038,2024-10-05,455.53
C0038,2024-12-16,373.63
C0038,2024-10-04,380.57
C0038,2024-08-28,373.03
C0038,2024-06-07,237.38
C0038,2024-09-26,376.33
C0038,2024-10-26,495.68
C0038,2024-09-06,384.47
C0038,2024-11-22,396.95
C0039,2024-07-17,96.7
C0040,2024-04-08,68.08
C0040,2024-04-15,94.6
C0040,2023-10-29,67.29
C0041,2024-09-18,410.77
C0041,2024-08-15,445.59
C0041,2024-07-16,332.85
C0041,2024-08-28,162.95
C0041,2024-07-03,277.64
C0041,2024-08-23,192.2
C0041,2024-09-02,459.75
C0041,2024-06-21,268.96
C0041,2024-06-09,291.57
C0041,2024-10-31,260.35
C0041,2024-12-05,426.75
C0041,2024-07-09,408.25
C0041,2024-07-01,460.09
C0041,2024-06-22,456.83
C0041,2024-05-29,158.54
C0041,2024-06-22,496.62
C0041,2024-11-26,335.13
C0041,2024-07-02,476.41
C0042,2024-10-08,72.09
C0043,2024-10-02,317.96
C0043,2024-06-01,353.27
C0043,2024-08-04,418.9
C0043,2024-07-03,267.73
C0043,2024-09-10,408.15
C0043,2024-06-09,188.67
C0043,2024-07-14,253.95
C0043,2024-09-26,400.44
C0044,2024-05-16,83.93
C0044,2024-08-27,104.08
C0044,2024-07-10,229.52
C0044,2024-06-21,290.41
C0044,2024-10-02,253.0
C0044,2024-05-21,209.48
C0044,2024-09-30,273.41
C0045,2024-05-28,185.56
C0045,2024-01-07,161.5
C0045,2024-06-04,84.75
C0046,2024-10-01,57.67
C0046,2024-08-15,57.68
C0047,2024-01-22,77.97
C0047,2024-07-06,173.93
C0047,2024-07-04,58.68
C0048,2024-06-15,92.19
C0049,2024-09-04,61.23
C0049,2024-05-25,120.99
C0050,2024-12-05,435.54
C0050,2024-11-25,228.34
C0050,2024-09-10,357.53
C0050,2024-07-19,451.04
C0050,2024-11-27,457.11
C0050,2024-10-02,245.54
C0050,2024-11-09,461.06
C0050,2024-07-08,448.27
C0051,2024-10-15,284.95
C0051,2024-07-08,99.14
C0051,2024-07-23,161.99
C0051,2024-09-13,233.06
C0052,2024-05-01,291.67
C0052,2024-05-23,230.32
C0052,2024-05-02,298.12
C0052,2024-07-24,188.93
C0053,2024-07-31,156.52
C0053,2024-06-30,199.63
C0053,2024-09-03,273.3
C0053,2024-05-12,271.0
C0053,2024-07-06,267.13
C0053,2024-08-08,115.29
C0053,2024-09-23,264.14
C0054,2024-04-24,103.28
C0054,2024-05-09,245.6
C0054,2024-10-04,273.96
C0055,2024-10-04,129.1
C0056,2024-07-17,130.3
C0056,2024-09-23,115.37
C0056,2024-07-24,202.36
C0056,2024-08-16,191.64
C0057,2024-12-17,365.92
C0057,2024-09-08,345.95
C0057,2024-09-17,240.93
C0057,2024-06-25,153.18
C0057,2024-09-12,422.95
C0057,2024-10-21,249.17
C0057,2024-06-14,339.44
C0057,2024-10-28,287.25
C0057,2024-10-12,476.21
C0057,2024-12-08,478.03
C0057,2024-09-25,419.8
C0057,2024-10-23,255.34
C0057,2024-12-13,419.84
C0057,2024-08-07,353.76
C0058,2024-08-12,166.01
C0058,2024-10-21,496.55
C0058,2024-06-18,489.11
C0058,2024-06-29,376.65
C0058,2024-06-13,415.39
C0058,2024-12-03,172.97
C0058,2024-11-07,263.26
C0058,2024-09-22,436.57
C0059,2024-11-10,205.63
C0059,2024-11-07,480.51
C0059,2024-08-29,307.99
C0059,2024-10-28,334.46
C0059,2024-11-07,392.79
C0059,2024-08-12,443.98
C0059,2024-06-14,388.17
C0059,2024-11-14,195.97
C0059,2024-05-25,482.8
C0059,2024-06-05,301.32
C0059,2024-11-15,468.33
C0059,2024-08-27,373.48
C0059,2024-11-30,416.03
C0059,2024-05-23,494.39
C0059,2024-12-05,262.26
C0059,2024-06-23,230.48
C0059,2024-05-31,220.13
C0059,2024-11-11,400.22
C0060,2024-07-24,195.23
C0060,2024-02-28,80.56
C0060,2024-05-19,166.49
C0061,2024-02-16,129.55
C0061,2024-01-22,143.93
C0061,2024-01-29,94.13
C0061,2024-07-15,188.13
C0062,2024-02-23,119.31
C0062,2023-09-23,68.78
C0062,2024-01-16,114.55
C0062,2023-10-26,83.83
C0063,2024-06-06,209.86
C0063,2024-07-21,148.28
C0063,2024-07-21,182.21
C0063,2024-07-29,167.02
C0063,2024-06-28,238.82
C0063,2024-09-20,232.9
C0064,2023-12-08,55.94
C0064,2023-11-28,65.74
C0065,2024-02-20,135.64
C0065,2024-04-01,122.35
C0066,2024-07-04,97.16
C0066,2024-07-05,142.95
C0067,2024-11-27,458.89
C0067,2024-07-25,161.62
C0067,2024-09-05,275.23
C0067,2024-09-18,196.45
C0067,2024-09-18,220.3
C0067,2024-08-30,430.21
C0067,2024-09-15,208.62
C0067,2024-11-11,483.04
C0068,2024-05-27,86.95
C0068,2024-09-21,215.65
C0068,2024-04-20,145.74
C0068,2024-09-19,288.42
C0068,2024-06-27,256.38
C0068,2024-07-27,214.7
C0068,2024-05-23,97.63
C0069,2024-08-06,359.12
C0069,2024-11-24,308.31
C0069,2024-12-13,164.26
C0069,2024-06-11,406.06
C0069,2024-12-04,236.49
C0069,2024-07-28,317.75
C0069,2024-08-16,265.16
C0069,2024-09-07,410.5
C0069,2024-08-19,301.78
C0069,2024-11-14,324.37
C0069,2024-09-25,157.3
C0070,2024-10-05,299.19
C0070,2024-07-29,188.52
C0070,2024-06-08,123.9
C0070,2024-10-07,128.52
C0070,2024-05-13,86.74
C0071,2024-09-11,118.32
C0071,2024-06-20,171.5
C0071,2024-11-02,173.61
C0072,2024-08-18,418.7
C0072,2024-05-30,164.04
C0072,2024-06-10,329.9
C0072,2024-08-21,303.52
C0072,2024-08-09,288.43
C0072,2024-09-29,359.2
C0072,2024-06-23,297.6
C0072,2024-06-17,497.25
C0072,2024-06-01,469.33
C0072,2024-11-22,284.35
C0072,2024-11-16,371.05
C0073,2024-12-03,400.54
C0073,2024-10-03,371.39
C0073,2024-12-15,489.99
C0073,2024-09-01,294.56
C0073,2024-07-16,322.3
C0073,2024-10-28,184.09
C0073,2024-08-26,305.86
C0073,2024-10-06,357.53
C0074,2024-08-08,136.79
C0074,2024-08-31,151.54
C0074,2024-03-21,211.72
C0075,2024-05-21,179.83
C0075,2024-06-02,274.42
C0075,2024-06-23,117.35
C0075,2024-07-18,154.14
C0075,2024-07-17,112.07
C0075,2024-06-08,134.72
C0076,2024-09-17,135.56
C0076,2024-05-23,116.88
C0076,2024-05-20,213.22
C0076,2024-03-27,226.04
C0076,2024-04-06,251.99
C0077,2024-05-05,270.13
C0077,2024-05-27,125.29
C0077,2024-04-02,87.52
C0077,2024-07-22,92.56
C0077,2024-09-01,286.05
C0077,2024-09-09,220.8
C0078,2024-10-28,260.65
C0078,2024-06-30,164.55
C0078,2024-12-06,495.32
C0078,2024-11-13,156.08
C0078,2024-11-06,490.58
C0078,2024-11-17,309.16
C0078,2024-07-08,321.1
C0078,2024-07-07,336.29
C0078,2024-07-28,160.49
C0078,2024-11-11,200.24
C0079,2023-09-12,151.01
C0079,2023-10-21,64.09
C0079,2024-01-06,73.42
C0080,2024-10-02,239.36
C0080,2024-06-17,443.34
C0080,2024-07-09,389.14
C0080,2024-09-04,235.45
C0080,2024-12-01,454.12
C0080,2024-09-05,160.64
C0080,2024-10-16,428.43
C0080,2024-06-14,386.78
C0080,2024-08-02,479.31
C0080,2024-08-07,287.85
C0080,2024-10-19,352.01
C0080,2024-06-20,380.25
C0080,2024-06-18,166.87
C0081,2024-05-15,298.53
C0081,2024-10-18,252.12
C0081,2024-08-15,143.51
C0082,2024-09-21,78.5
C0083,2024-01-14,115.73
C0083,2024-02-03,181.68
C0083,2024-04-02,115.34
C0084,2024-10-04,253.9
C0084,2024-06-15,152.02
C0084,2024-08-10,370.57
C0084,2024-06-15,347.2
C0084,2024-08-06,286.0
C0084,2024-07-23,233.14
C0084,2024-11-26,229.54
C0084,2024-12-20,361.21
C0084,2024-09-12,374.9
C0084,2024-06-20,312.22
C0084,2024-12-28,339.83
C0084,2024-10-20,331.68
C0084,2024-06-16,469.98
C0084,2024-07-30,188.12
C0084,2024-08-20,289.59
C0084,2024-11-24,236.12
C0084,2024-12-16,288.03
C0084,2024-10-05,434.55
C0085,2024-01-17,128.19
C0085,2024-04-28,79.37
C0085,2024-02-29,147.12
C0086,2024-03-20,148.2
C0086,2024-02-23,59.04
C0086,2024-03-24,121.88
C0086,2024-03-26,65.21
C0086,2023-12-11,142.6
C0087,2024-09-15,284.51
C0087,2024-05-09,198.62
C0087,2024-05-21,99.72
C0087,2024-05-07,237.55
C0087,2024-04-18,294.88
C0087,2024-07-14,106.81
C0087,2024-10-05,229.85
C0088,2024-07-05,52.15
C0088,2024-05-16,42.83
C0089,2024-08-22,281.91
C0089,2024-07-11,186.38
C0089,2024-09-26,259.46
C0089,2024-04-14,89.55
C0090,2024-07-15,30.31
C0090,2024-06-18,128.3
C0091,2024-07-20,427.81
C0091,2024-11-19,363.84
C0091,2024-08-04,276.27
C0091,2024-06-17,465.01
C0091,2024-10-16,232.9
C0091,2024-10-28,255.72
C0091,2024-07-05,437.92
C0091,2024-10-05,385.0
C0091,2024-09-06,183.44
C0091,2024-06-23,202.4
C0091,2024-06-04,355.31
C0091,2024-06-12,232.33
C0091,2024-08-18,451.98
C0092,2024-04-16,85.2
C0092,2024-04-23,130.65
C0092,2024-02-27,200.27
C0092,2024-04-28,136.51
C0092,2024-06-28,210.78
C0092,2024-04-13,297.31
C0092,2024-08-09,211.35
C0093,2024-08-16,174.2
C0093,2024-04-13,239.39
C0093,2024-09-03,108.25
C0093,2024-09-08,212.71
C0094,2024-10-19,62.9
C0094,2024-10-15,40.28
C0095,2024-06-19,168.26
C0095,2024-07-23,129.86
C0095,2024-05-12,215.77
C0096,2024-09-14,38.11
C0097,2024-10-22,106.82
C0098,2023-07-02,147.63
C0098,2023-12-05,98.65
C0098,2024-01-15,78.55
C0098,2023-09-10,199.12
C0098,2024-01-16,104.44
C0099,2024-11-30,266.75
C0099,2024-08-02,346.8
C0099,2024-11-24,486.58
C0099,2024-11-29,414.19
C0099,2024-11-05,337.54
C0099,2024-06-23,297.94
C0099,2024-11-05,414.66
C0099,2024-08-07,255.3
C0099,2024-08-16,428.41
C0099,2024-08-08,283.88
C0100,2024-08-11,203.35
C0100,2024-11-29,408.01
C0100,2024-08-18,235.28
C0100,2024-11-04,332.34
C0100,2024-05-20,239.97
C0100,2024-05-18,414.34
C0100,2024-06-26,362.97
C0100,2024-10-27,205.76
C0100,2024-07-15,191.18
C0100,2024-07-06,242.09
C0100,2024-09-29,283.32
C0100,2024-12-02,477.94
C0100,2024-05-25,256.93
C0100,2024-06-07,247.9
C0101,2024-11-03,206.62
C0101,2024-07-31,323.94
C0101,2024-10-03,348.3
C0101,2024-12-16,475.71
C0101,2024-11-16,338.91
C0101,2024-07-08,283.22
C0101,2024-07-23,402.5
C0101,2024-10-22,426.51
C0101,2024-07-01,436.56
C0101,2024-08-07,291.04
C0101,2024-10-23,203.83
C0101,2024-07-18,271.13
C0101,2024-12-08,350.56
C0101,2024-12-18,437.87
C0101,2024-12-03,317.77
C0101,2024-11-25,472.97
C0101,2024-12-14,198.72
C0102,2024-07-06,68.1
C0102,2024-05-23,129.02
C0103,2023-12-26,121.74
C0103,2023-10-27,70.27
C0104,2024-05-13,123.21
C0104,2024-07-12,81.9
C0105,2024-08-16,272.74
C0105,2024-09-03,267.32
C0105,2024-05-26,127.53
C0105,2024-06-25,223.04
C0105,2024-10-02,93.5
C0105,2024-05-24,181.16
C0105,2024-06-25,186.61
C0106,2024-02-02,94.6
C0106,2024-01-06,75.6
C0106,2023-11-01,68.21
C0107,2023-09-17,76.66
C0107,2023-08-19,59.34
C0107,2024-01-06,144.98
C0108,2024-08-21,224.26
C0108,2024-04-29,173.74
C0108,2024-08-10,254.26
C0109,2024-06-27,128.83
C0109,2024-06-20,76.53
C0109,2024-04-09,194.57
C0109,2024-01-03,112.42
C0110,2024-09-23,353.75
C0110,2024-10-14,216.39
C0110,2024-07-31,225.32
C0110,2024-06-13,430.54
C0110,2024-06-21,164.92
C0110,2024-06-06,376.13
C0110,2024-07-15,445.52
C0110,2024-06-11,202.23
C0110,2024-05-29,452.63
C0110,2024-08-21,408.07
C0110,2024-06-14,450.85
C0110,2024-10-30,424.76
C0110,2024-07-23,196.6
C0110,2024-06-02,425.42
C0110,2024-07-27,479.99
C0110,2024-08-03,303.16
C0110,2024-11-12,247.78
C0110,2024-10-14,238.57
C0111,2024-07-17,145.58
C0111,2024-07-11,107.95
C0111,2024-01-27,84.04
C0111,2024-03-22,60.0
C0111,2024-05-18,182.37
C0112,2024-06-10,305.15
C0112,2024-12-12,164.59
C0112,2024-09-24,400.71
C0112,2024-09-02,430.75
C0112,2024-07-21,162.45
C0112,2024-07-25,408.13
C0112,2024-10-23,311.68
C0112,2024-08-03,489.76
C0112,2024-08-07,424.34
C0112,2024-10-30,210.94
C0112,2024-12-15,342.37
C0112,2024-09-15,174.05
C0113,2024-07-07,98.08
C0113,2024-08-06,145.0
C0113,2024-07-14,217.43
C0113,2024-04-15,226.82
C0114,2024-09-09,215.3
C0114,2024-07-29,95.24
C0114,2024-06-15,185.22
C0114,2024-06-23,150.89
C0114,2024-05-04,144.42
C0115,2024-09-03,88.32
C0115,2024-07-23,119.77
C0116,2024-11-12,154.42
C0116,2024-06-07,211.68
C0116,2024-06-22,162.72
C0116,2024-09-05,176.67
C0116,2024-07-31,287.48
C0116,2024-06-17,284.23
C0117,2024-05-06,275.12
C0117,2024-07-04,298.33
C0117,2024-07-02,259.51
C0117,2024-07-05,273.44
C0117,2024-10-20,282.16
C0117,2024-10-14,219.94
C0118,2024-11-08,404.97
C0118,2024-08-11,213.21
C0118,2024-09-29,413.62
C0118,2024-09-26,478.09
C0118,2024-11-25,404.78
C0118,2024-12-22,196.11
C0118,2024-06-27,436.22
C0118,2024-09-20,320.94
C0118,2024-07-26,444.25
C0118,2024-12-02,339.78
C0118,2024-06-18,410.2
C0118,2024-12-21,254.14
C0119,2024-06-06,100.63
C0119,2024-07-25,219.98
C0119,2024-07-05,175.44
C0119,2024-06-27,181.54
C0119,2024-06-19,258.59
C0120,2024-12-24,149.02
C0120,2024-09-14,53.27
C0121,2024-08-26,243.32
C0121,2024-07-21,215.52
C0121,2024-04-03,231.33
C0121,2024-05-16,252.43
C0122,2024-08-03,266.57
C0122,2024-08-31,87.77
C0122,2024-10-14,244.9
C0122,2024-04-30,160.95
C0122,2024-08-14,246.38
C0122,2024-08-19,272.86
C0123,2023-10-22,107.81
C0123,2023-10-22,158.31
C0124,2024-07-09,287.03
C0124,2024-10-17,393.47
C0124,2024-07-14,160.17
C0124,2024-06-19,274.42
C0124,2024-10-14,285.69
C0124,2024-11-23,355.87
C0124,2024-12-06,328.54
C0124,2024-12-07,172.7
C0124,2024-09-21,228.9
C0124,2024-07-31,168.48
C0124,2024-11-16,386.76
C0124,2024-09-19,360.75
C0124,2024-06-05,438.77
C0124,2024-10-22,372.77
C0124,2024-07-13,393.4
C0125,2024-06-08,156.15
C0125,2024-02-28,173.77
C0125,2024-07-17,116.03
C0125,2024-05-03,99.23
C0125,2024-02-04,85.38
C0126,2024-01-19,139.73
C0126,2024-03-25,199.75
C0126,2024-01-14,146.38
C0126,2023-12-18,145.63
C0127,2024-05-27,170.18
C0127,2024-07-31,244.39
C0127,2024-07-06,205.81
C0127,2024-05-26,124.65
C0127,2024-08-17,295.52
C0127,2024-10-14,85.76
C0128,2024-07-05,284.52
C0128,2024-08-04,286.95
C0128,2024-04-07,267.6
C0129,2024-10-05,444.68
C0129,2024-07-01,318.32
C0129,2024-07-17,310.37
C0129,2024-12-08,397.11
C0129,2024-09-14,178.21
C0129,2024-11-04,323.76
C0129,2024-08-06,423.07
C0129,2024-09-04,417.93
C0129,2024-06-14,228.83
C0129,2024-08-27,197.37
C0129,2024-11-12,472.92
C0129,2024-11-07,154.69
C0129,2024-07-14,169.97
C0129,2024-07-08,162.7
C0129,2024-07-31,236.44
C0129,2024-11-29,237.34
C0129,2024-09-24,279.92
C0130,2024-09-11,37.84
C0131,2023-07-20,56.98
C0131,2023-10-30,185.97
C0132,2024-01-31,97.28
C0132,2024-08-07,62.96
C0133,2024-07-13,194.8
C0133,2024-06-15,477.89
C0133,2024-06-21,439.75
C0133,2024-08-10,241.06
C0133,2024-10-12,323.07
C0133,2024-11-17,239.79
C0133,2024-07-30,403.8
C0133,2024-06-26,347.87
C0133,2024-07-14,258.04
C0134,2023-12-11,102.43
C0134,2023-11-12,53.31
C0135,2024-05-22,135.21
C0135,2024-07-17,230.43
C0135,2024-08-24,195.15
C0135,2024-07-27,130.03
C0135,2024-08-29,239.02
C0135,2024-04-10,254.17
C0135,2024-04-02,199.58
C0136,2023-06-26,177.04
C0136,2023-10-28,74.87
C0136,2024-01-08,149.63
C0137,2024-10-17,85.48
C0138,2024-07-31,143.93
C0138,2024-05-10,104.63
C0138,2024-08-27,181.03
C0138,2024-04-16,254.68
C0138,2024-09-06,124.3
C0139,2024-07-25,131.73
C0139,2024-06-07,163.51
C0139,2024-03-24,80.73
C0139,2024-05-27,181.94
C0140,2024-06-17,288.26
C0140,2024-06-04,296.7
C0140,2024-10-24,202.76
C0140,2024-09-14,94.35
C0140,2024-07-11,280.03
C0140,2024-08-14,165.96
C0141,2024-06-13,224.49
C0141,2024-08-30,167.42
C0141,2024-06-09,250.63
C0141,2024-10-07,123.03
C0141,2024-11-15,195.13
C0142,2023-12-18,136.64
C0142,2023-11-04,96.85
C0142,2023-09-13,109.4
C0142,2023-08-05,184.54
C0142,2023-12-17,117.14
C0143,2024-08-12,68.01
C0143,2024-08-11,73.57
C0144,2024-01-27,197.53
C0144,2023-12-04,139.72
C0144,2024-05-05,184.1
C0144,2024-01-10,173.06
C0145,2024-02-15,195.16
C0145,2024-08-12,182.36
C0146,2024-11-05,261.88
C0146,2024-08-14,296.22
C0146,2024-08-24,192.85
C0146,2024-07-16,372.13
C0146,2024-12-17,498.98
C0146,2024-10-23,206.78
C0146,2024-11-24,390.4
C0146,2024-08-12,334.59
C0146,2024-11-26,438.04
C0146,2024-07-20,177.79
C0146,2024-08-10,490.71
C0146,2024-12-12,436.67
C0146,2024-06-26,188.76
C0146,2024-10-22,260.02
C0146,2024-08-04,465.45
C0146,2024-09-04,310.74
C0146,2024-08-12,457.94
C0146,2024-11-21,210.82
C0146,2024-11-30,189.53
C0147,2024-06-19,47.04
C0147,2024-10-19,118.76
C0148,2024-08-21,108.14
C0148,2024-05-12,99.27
C0149,2024-09-10,314.95
C0149,2024-12-12,238.89
C0149,2024-11-24,194.19
C0149,2024-12-11,187.22
C0149,2024-07-12,151.34
C0149,2024-11-10,211.21
C0149,2024-08-01,229.51
C0149,2024-06-10,175.43
C0150,2023-12-21,154.12
C0150,2023-09-26,82.33
C0150,2023-10-06,81.9
C0150,2023-12-31,95.59
C0150,2024-01-11,163.89
C0151,2024-04-26,248.53
C0151,2024-06-11,93.0
C0151,2024-05-26,279.58
C0151,2024-04-20,117.2
C0151,2024-06-12,178.35
C0151,2024-08-11,129.88
C0152,2023-12-17,107.06
C0152,2024-05-25,170.35
C0153,2024-08-21,164.71
C0153,2024-09-15,159.51
C0153,2024-09-01,248.01
C0153,2024-06-19,397.69
C0153,2024-08-24,468.77
C0153,2024-06-25,394.76
C0153,2024-11-14,156.3
C0153,2024-10-02,367.47
C0153,2024-09-30,256.66
C0153,2024-08-15,336.44
C0153,2024-11-23,455.46
C0153,2024-07-23,226.46
C0153,2024-06-14,339.24
C0153,2024-06-27,242.16
C0153,2024-12-03,154.34
C0153,2024-08-14,249.34
C0153,2024-07-23,359.43
C0153,2024-06-08,405.59
C0154,2024-10-21,135.27
C0155,2024-03-23,297.59
C0155,2024-03-09,196.89
C0155,2024-07-08,254.81
C0155,2024-04-03,174.42
C0156,2024-05-13,136.0
C0156,2024-02-04,59.55
C0156,2024-06-12,83.03
C0156,2024-01-12,67.24
C0157,2024-06-17,33.92
C0158,2024-07-10,85.53
C0158,2024-06-18,174.69
C0158,2024-06-29,280.35
C0158,2024-03-23,250.25
C0158,2024-05-31,154.98
C0159,2024-01-05,141.06
C0159,2024-04-13,116.79
C0159,2023-12-29,145.94
C0159,2024-04-09,126.85
C0159,2024-05-06,85.13
C0160,2024-08-13,223.49
C0160,2024-04-08,139.75
C0160,2024-07-20,243.59
C0160,2024-10-18,139.17
C0160,2024-05-06,95.61
C0160,2024-05-19,80.64
C0161,2024-08-17,56.85
C0161,2024-04-09,85.83
C0162,2024-06-29,69.76
C0162,2024-09-23,53.53
C0163,2024-08-22,54.84
C0164,2024-10-06,30.92
C0165,2024-07-26,187.81
C0165,2024-09-22,312.0
C0165,2024-06-27,226.48
C0165,2024-09-06,252.72
C0165,2024-08-17,247.24
C0165,2024-09-24,180.48
C0165,2024-11-10,436.37
C0165,2024-11-30,270.83
C0165,2024-07-07,351.17
C0165,2024-11-12,322.74
C0165,2024-12-10,165.7
C0165,2024-08-04,196.02
C0165,2024-11-05,207.82
C0165,2024-07-06,297.64
C0165,2024-10-06,458.79
C0166,2024-05-16,148.06
C0166,2024-10-07,238.05
C0166,2024-05-08,80.34
C0166,2024-08-22,80.46
C0166,2024-06-16,136.67
C0166,2024-05-28,212.83
C0166,2024-08-31,136.47
C0167,2023-08-18,118.44
C0167,2023-11-05,63.84
C0167,2023-08-23,132.44
C0167,2023-10-05,60.65
C0167,2023-09-26,98.16
C0168,2024-12-23,384.0
C0168,2024-09-11,376.26
C0168,2024-11-04,357.78
C0168,2024-12-15,325.75
C0168,2024-11-04,469.65
C0168,2024-08-26,204.01
C0168,2024-12-22,403.39
C0168,2024-07-23,409.34
C0168,2024-09-23,173.26
C0168,2024-08-03,496.94
C0168,2024-12-23,154.1
C0168,2024-12-13,253.26
C0168,2024-10-21,179.54
C0168,2024-09-15,193.05
C0168,2024-11-06,225.62
C0168,2024-07-25,405.21
C0169,2024-11-28,285.59
C0169,2024-09-10,300.48
C0169,2024-09-18,177.17
C0169,2024-10-14,257.21
C0169,2024-08-26,356.6
C0169,2024-09-09,429.43
C0169,2024-06-14,307.54
C0169,2024-07-07,470.82
C0169,2024-10-24,184.61
C0169,2024-10-12,353.77
C0169,2024-10-30,159.6
C0169,2024-08-24,390.94
C0169,2024-07-12,329.09
C0169,2024-07-23,300.69
C0169,2024-06-13,165.67
C0169,2024-10-22,271.06
C0170,2024-07-09,92.07
C0170,2024-07-20,106.43
C0171,2024-07-12,101.52
C0172,2024-10-23,362.02
C0172,2024-07-17,444.6
C0172,2024-06-25,495.81
C0172,2024-10-22,186.84
C0172,2024-09-04,199.19
C0172,2024-10-18,229.97
C0172,2024-09-29,326.91
C0172,2024-10-12,197.53
C0173,2024-06-14,33.71
C0173,2024-05-27,79.7
C0174,2024-07-10,163.43
C0174,2024-02-24,123.18
C0174,2024-01-28,185.01
C0174,2024-03-13,105.56
C0175,2024-10-21,136.61
C0175,2024-05-13,149.38
C0176,2024-11-16,250.94
C0176,2024-06-23,203.05
C0176,2024-07-23,284.93
C0176,2024-11-23,339.49
C0176,2024-07-03,317.26
C0176,2024-07-27,339.6
C0176,2024-09-20,236.42
C0176,2024-09-19,304.15
C0176,2024-11-03,439.39
C0176,2024-08-28,218.12
C0176,2024-09-21,269.86
C0176,2024-11-24,488.25
C0176,2024-09-03,340.69
C0176,2024-08-08,353.16
C0176,2024-11-21,499.9
C0176,2024-07-27,369.18
C0177,2024-05-31,123.89
C0178,2024-03-02,98.87
C0178,2024-01-14,143.1
C0178,2024-01-01,159.62
C0178,2024-06-06,55.92
C0179,2024-07-02,130.1
C0179,2024-08-25,210.46
C0179,2024-07-22,238.87
C0180,2024-07-14,411.05
C0180,2024-12-05,427.97
C0180,2024-11-20,313.37
C0180,2024-11-28,489.36
C0180,2024-08-17,311.94
C0180,2024-10-23,182.79
C0180,2024-10-19,452.24
C0180,2024-06-10,281.37
C0180,2024-08-30,332.86
C0180,2024-06-03,416.63
C0180,2024-07-20,362.01
C0180,2024-06-01,322.31
C0180,2024-06-14,463.06
C0180,2024-09-19,305.21
C0180,2024-06-18,417.58
C0180,2024-12-06,432.31
C0180,2024-06-30,220.17
C0180,2024-09-28,170.82
C0180,2024-06-20,303.7
C0181,2023-10-19,86.06
C0181,2023-11-21,182.52
C0182,2024-12-14,490.04
C0182,2024-06-21,474.23
C0182,2024-09-04,316.9
C0182,2024-09-25,160.69
C0182,2024-10-21,392.39
C0182,2024-11-15,371.39
C0182,2024-12-06,275.55
C0182,2024-06-16,266.69
C0182,2024-11-22,223.75
C0182,2024-10-31,427.69
C0182,2024-07-17,499.24
C0182,2024-12-19,498.13
C0182,2024-10-17,150.81
C0182,2024-10-21,408.25
C0182,2024-12-02,371.52
C0182,2024-08-06,200.0
C0182,2024-08-13,419.12
C0182,2024-08-21,433.21
C0183,2024-09-23,214.99
C0183,2024-07-16,167.8
C0183,2024-09-24,97.08
C0184,2024-07-24,147.35
C0184,2024-08-23,104.42
C0184,2024-04-29,206.95
C0184,2024-09-30,81.34
C0184,2024-08-12,194.97
C0184,2024-10-18,229.98
C0185,2023-11-28,169.18
C0185,2023-12-16,121.74
C0186,2024-12-17,110.02
C0186,2024-07-24,57.89
C0187,2024-07-28,169.12
C0187,2024-10-29,84.85
C0187,2024-10-03,265.29
C0187,2024-07-03,220.9
C0187,2024-05-28,87.41
C0188,2024-10-21,107.74
C0189,2024-09-11,116.37
C0189,2024-10-30,83.92
C0190,2023-07-04,133.2
C0190,2023-08-25,152.39
C0190,2024-01-06,119.48
C0191,2024-07-12,251.49
C0191,2024-11-11,332.06
C0191,2024-10-13,421.37
C0191,2024-11-29,323.84
C0191,2024-11-07,196.84
C0191,2024-09-04,402.6
C0191,2024-08-28,412.03
C0191,2024-09-23,185.96
C0191,2024-09-09,166.4
C0191,2024-09-06,357.72
C0191,2024-09-15,354.14
C0192,2024-09-19,286.9
C0192,2024-09-24,149.58
C0192,2024-07-11,261.88
C0193,2024-06-30,265.4
C0193,2024-05-26,205.8
C0193,2024-08-24,276.21
C0193,2024-06-26,172.92
C0193,2024-04-30,163.01
C0194,2024-05-30,43.92
C0194,2024-06-07,76.52
C0195,2023-10-03,151.38
C0195,2023-08-09,75.04
C0195,2023-09-04,181.33
C0195,2023-10-22,194.91
C0196,2024-08-07,151.42
C0196,2024-07-30,94.71
C0196,2024-08-03,121.31
C0196,2024-04-06,199.92
C0196,2024-04-01,104.01
C0197,2024-07-16,180.69
C0197,2024-05-30,219.57
C0197,2024-07-10,91.52
C0197,2024-10-10,171.63
C0197,2024-06-04,171.48
C0197,2024-06-15,126.64
C0198,2024-09-02,273.63
C0198,2024-07-18,229.12
C0198,2024-05-06,87.91
C0199,2024-08-29,223.36
C0199,2024-08-19,242.16
C0199,2024-06-28,221.86
C0200,2024-09-12,123.83
C0200,2024-07-28,98.78
C0200,2024-10-23,92.78
C0200,2024-07-10,252.04
C0200,2024-09-13,138.87
C0200,2024-09-13,231.37
C0200,2024-10-23,163.4
C0201,2024-10-10,44.92
C0201,2024-08-14,33.77
C0202,2024-09-06,335.83
C0202,2024-06-18,243.34
C0202,2024-11-18,312.43
C0202,2024-08-17,331.66
C0202,2024-10-13,259.15
C0202,2024-07-14,243.54
C0202,2024-09-04,196.03
C0202,2024-11-20,351.37
C0202,2024-06-30,419.56
C0202,2024-07-08,213.61
C0203,2024-07-11,420.6
C0203,2024-06-08,228.14
C0203,2024-10-15,280.11
C0203,2024-11-25,348.83
C0203,2024-08-16,376.26
C0203,2024-07-29,457.74
C0203,2024-10-21,158.26
C0203,2024-09-27,440.42
C0203,2024-05-25,222.48
C0203,2024-10-13,256.02
C0203,2024-05-30,398.55
C0203,2024-07-07,236.31
C0203,2024-07-08,315.69
C0203,2024-08-09,315.83
C0204,2024-08-31,297.85
C0204,2024-08-02,252.74
C0204,2024-08-25,223.21
C0204,2024-09-15,291.81
C0205,2024-11-23,57.05
C0205,2024-05-25,46.9
C0206,2024-07-22,260.3
C0206,2024-09-15,201.44
C0206,2024-06-09,334.54
C0206,2024-09-30,285.86
C0206,2024-07-04,374.99
C0206,2024-10-03,270.82
C0206,2024-10-16,268.07
C0206,2024-06-08,314.5
C0206,2024-10-21,171.22
C0206,2024-06-16,171.77
C0206,2024-08-15,152.74
C0206,2024-10-16,230.59
C0206,2024-10-14,295.47
C0206,2024-06-24,335.38
C0206,2024-11-22,273.99
C0206,2024-08-07,387.87
C0206,2024-05-24,367.32
C0207,2024-09-27,341.3
C0207,2024-07-26,310.51
C0207,2024-12-11,208.01
C0207,2024-09-12,318.47
C0207,2024-08-28,445.28
C0207,2024-09-30,427.6
C0207,2024-12-03,287.15
C0207,2024-10-05,188.11
C0207,2024-10-07,483.0
C0207,2024-10-27,292.34
C0207,2024-06-10,493.4
C0207,2024-09-29,240.84
C0207,2024-09-16,471.79
C0208,2024-07-28,104.68
C0209,2024-12-22,440.29
C0209,2024-11-27,467.76
C0209,2024-09-19,394.41
C0209,2024-11-13,332.51
C0209,2024-06-15,488.47
C0209,2024-12-18,206.59
C0209,2024-12-18,420.58
C0209,2024-09-23,374.22
C0209,2024-11-17,423.47
C0209,2024-10-03,347.78
C0209,2024-10-01,449.32
C0209,2024-11-12,154.24
C0209,2024-10-13,424.55
C0209,2024-07-23,230.04
C0209,2024-07-08,166.12
C0209,2024-07-09,262.58
C0209,2024-10-21,330.14
C0210,2024-08-31,236.03
C0210,2024-09-08,318.31
C0210,2024-07-22,150.15
C0210,2024-12-01,203.83
C0210,2024-07-08,484.2
C0210,2024-08-03,165.72
C0210,2024-09-08,318.54
C0210,2024-10-04,287.36
C0210,2024-08-15,161.42
C0210,2024-09-02,482.83
C0210,2024-09-10,246.44
C0210,2024-11-23,425.64
C0210,2024-08-16,285.21
C0210,2024-06-12,275.5
C0210,2024-10-03,446.55
C0210,2024-12-09,217.06
C0210,2024-08-23,491.03
C0210,2024-09-14,327.09
C0211,2024-08-08,57.44
C0212,2024-11-23,134.01
C0213,2024-09-14,99.79
C0214,2024-01-13,114.13
C0214,2024-04-25,163.82
C0214,2024-02-14,71.57
C0214,2023-12-24,184.11
C0215,2024-06-13,172.28
C0215,2024-06-14,261.1
C0215,2024-08-01,189.46
C0215,2024-06-30,124.98
C0216,2024-04-04,99.73
C0216,2024-04-13,54.92
C0216,2024-05-18,94.29
C0216,2024-02-11,119.0
C0216,2024-04-05,171.63
C0217,2023-08-21,159.01
C0217,2024-02-02,102.89
C0217,2024-02-22,72.74
C0217,2023-08-25,119.49
C0217,2023-08-29,92.37
C0218,2024-06-22,108.13
C0218,2024-07-25,197.04
C0218,2024-03-21,194.95
C0218,2024-06-16,239.09
C0218,2024-04-10,129.75
C0218,2024-04-12,82.22
C0218,2024-09-22,274.2
C0219,2024-05-03,146.02
C0219,2024-10-08,117.81
C0220,2024-04-09,247.0
C0220,2024-08-26,146.64
C0220,2024-04-16,259.97
C0220,2024-07-03,259.69
C0220,2024-04-21,161.61
C0220,2024-06-22,299.9
C0221,2024-11-07,120.51
C0221,2024-09-30,100.88
C0222,2024-10-18,79.74
C0223,2024-11-20,208.56
C0223,2024-12-13,244.1
C0223,2024-12-12,318.65
C0223,2024-12-05,360.54
C0223,2024-06-25,371.26
C0223,2024-08-21,415.65
C0223,2024-09-11,423.26
C0223,2024-06-14,328.11
C0223,2024-11-16,490.35
C0223,2024-08-17,439.63
C0223,2024-09-09,213.07
C0223,2024-07-08,311.6
C0223,2024-12-21,192.71
C0223,2024-08-22,405.14
C0223,2024-08-18,270.61
C0223,2024-07-13,432.47
C0223,2024-10-10,270.87
C0224,2024-04-21,73.6
C0224,2024-03-23,155.18
C0224,2024-03-28,150.66
C0225,2023-08-26,124.44
C0225,2023-08-23,122.38
C0226,2024-04-29,160.17
C0226,2024-03-10,52.41
C0226,2024-06-21,175.85
C0226,2024-05-17,155.55
C0226,2024-07-20,176.49
C0227,2024-07-09,190.24
C0227,2024-04-25,200.21
C0227,2024-03-13,198.96
C0227,2024-02-26,147.94
C0227,2024-06-18,269.78
C0227,2024-08-24,291.53
C0228,2023-08-27,109.48
C0228,2023-09-20,181.9
C0228,2023-10-24,73.59
C0229,2024-05-22,149.64
C0229,2024-09-28,227.99
C0229,2024-08-09,135.1
C0229,2024-04-19,285.77
C0229,2024-06-28,263.22
C0229,2024-07-29,218.16
C0230,2024-10-05,36.22
C0230,2024-08-25,32.38
C0231,2024-05-09,157.65
C0231,2024-04-27,285.7
C0231,2024-09-14,241.19
C0231,2024-07-03,213.21
C0231,2024-05-22,252.43
C0231,2024-07-19,98.46
C0231,2024-08-31,229.06
C0232,2024-11-13,75.77
C0233,2024-09-26,110.58
C0234,2024-11-25,123.72
C0235,2024-07-08,247.25
C0235,2024-09-12,479.45
C0235,2024-08-20,493.13
C0235,2024-10-02,331.55
C0235,2024-11-16,186.09
C0235,2024-10-06,189.66
C0235,2024-10-02,344.42
C0235,2024-09-12,396.59
C0235,2024-06-17,221.55
C0235,2024-06-09,289.16
C0235,2024-07-25,221.87
C0235,2024-09-05,409.06
C0235,2024-12-01,250.61
C0236,2024-10-04,111.67
C0236,2024-04-26,96.94
C0236,2024-05-22,283.61
C0236,2024-10-06,145.4
C0237,2023-12-23,118.7
C0237,2023-12-20,133.01
C0237,2024-02-16,52.27
C0238,2024-11-29,386.61
C0238,2024-09-21,363.5
C0238,2024-06-22,244.88
C0238,2024-12-24,453.13
C0238,2024-10-22,190.97
C0238,2024-12-16,364.29
C0238,2024-10-28,407.79
C0238,2024-11-08,152.34
C0238,2024-12-04,368.82
C0238,2024-07-21,388.04
C0239,2024-09-09,76.27
C0239,2024-12-24,60.37
C0240,2024-08-06,227.17
C0240,2024-10-01,443.93
C0240,2024-08-29,408.79
C0240,2024-12-07,491.95
C0240,2024-07-21,324.31
C0240,2024-11-16,301.75
C0240,2024-07-03,461.52
C0240,2024-09-19,470.09
C0240,2024-07-10,451.46
C0240,2024-08-03,302.04
C0240,2024-10-01,303.43
C0241,2024-10-04,220.29
C0241,2024-05-30,234.19
C0241,2024-06-01,223.88
C0241,2024-06-18,91.0
C0241,2024-05-20,83.02
C0242,2024-08-13,134.46
C0242,2024-08-16,158.07
C0242,2024-03-31,241.2
C0243,2024-08-17,210.86
C0243,2024-07-29,289.33
C0243,2024-06-15,274.69
C0243,2024-06-26,261.06
C0244,2024-04-17,168.02
C0244,2024-02-23,142.52
C0244,2024-04-29,88.0
C0244,2024-04-03,128.22
C0245,2024-10-06,222.18
C0245,2024-09-02,338.42
C0245,2024-08-27,452.82
C0245,2024-09-12,463.37
C0245,2024-08-03,162.25
C0245,2024-06-14,309.02
C0245,2024-06-12,455.8
C0245,2024-08-17,396.91
C0245,2024-07-03,304.89
C0245,2024-09-02,477.7
C0246,2024-08-09,190.02
C0246,2024-06-29,211.75
C0246,2024-11-11,209.85
C0246,2024-07-03,92.36
C0246,2024-09-22,86.23
C0246,2024-07-09,248.18
C0247,2023-11-22,89.04
C0247,2024-02-13,66.78
C0247,2023-10-17,60.57
C0248,2024-04-27,238.52
C0248,2024-09-26,230.73
C0248,2024-10-08,257.29
C0248,2024-07-06,148.16
C0249,2024-09-11,201.74
C0249,2024-06-06,158.51
C0249,2024-09-04,96.86
C0249,2024-08-10,253.64
C0249,2024-09-12,127.53
C0249,2024-09-12,289.62
C0250,2024-07-01,139.73
C0250,2024-07-27,272.79
C0250,2024-08-15,166.4
C0250,2024-06-28,190.69
C0250,2024-05-18,194.75
C0250,2024-10-10,228.93
C0251,2023-12-08,112.18
C0251,2024-02-14,141.58
C0252,2023-07-28,111.66
C0252,2023-08-02,154.09
C0253,2024-08-04,269.85
C0253,2024-07-05,253.68
C0253,2024-08-14,115.5
C0253,2024-10-14,155.95
C0253,2024-07-13,116.46
C0253,2024-05-30,273.97
C0253,2024-07-17,157.94
C0254,2023-11-30,67.76
C0254,2024-04-14,96.65
C0254,2023-11-27,58.66
C0254,2024-01-06,85.13
C0254,2023-12-21,162.41
C0255,2024-09-08,344.91
C0255,2024-07-02,413.85
C0255,2024-12-05,387.64
C0255,2024-07-09,395.75
C0255,2024-06-14,221.28
C0255,2024-09-17,294.19
C0255,2024-08-17,371.0
C0255,2024-07-01,480.79
C0255,2024-11-06,361.97
C0255,2024-10-21,476.59
C0255,2024-11-15,199.99
C0255,2024-11-28,329.3
C0255,2024-12-11,287.15
C0255,2024-11-05,387.61
C0255,2024-10-27,327.73
C0256,2024-10-30,125.13
C0257,2024-11-01,218.25
C0257,2024-06-23,237.22
C0257,2024-07-09,82.2
C0258,2024-08-25,120.32
C0258,2024-09-21,128.57
C0259,2024-08-05,70.04
C0259,2024-05-06,84.16
C0260,2024-06-02,291.6
C0260,2024-11-28,313.21
C0260,2024-06-15,293.41
C0260,2024-10-17,431.24
C0260,2024-06-17,248.31
C0260,2024-06-02,173.44
C0260,2024-11-21,317.74
C0260,2024-06-11,410.08
C0260,2024-09-25,173.3
C0260,2024-10-17,493.6
C0261,2024-10-14,126.46
C0261,2024-10-12,57.79
C0262,2024-07-06,95.4
C0262,2024-07-25,213.85
C0262,2024-03-28,161.31
C0262,2024-07-29,239.0
C0262,2024-05-28,156.99
C0262,2024-06-23,81.84
C0262,2024-05-20,225.57
C0263,2024-09-22,371.2
C0263,2024-10-23,186.29
C0263,2024-11-05,173.26
C0263,2024-08-09,299.12
C0263,2024-10-26,423.69
C0263,2024-07-03,272.57
C0263,2024-10-26,415.48
C0263,2024-09-15,384.91
C0264,2024-10-20,76.39
C0264,2024-08-18,53.4
C0265,2024-06-23,114.91
C0265,2024-07-06,246.92
C0265,2024-07-19,175.3
C0265,2024-08-29,275.61
C0265,2024-09-26,114.42
C0265,2024-06-10,171.29
C0266,2024-09-24,124.5
C0266,2024-08-12,120.78
C0266,2024-04-06,269.53
C0266,2024-05-25,191.55
C0266,2024-07-22,96.93
C0267,2024-06-25,83.26
C0267,2024-10-20,109.14
C0268,2024-08-25,197.32
C0268,2024-03-21,286.6
C0268,2024-08-02,151.39
C0269,2023-08-21,119.47
C0269,2023-10-06,82.81
C0270,2024-03-31,59.47
C0270,2023-10-24,172.24
C0270,2023-12-12,119.23
C0270,2023-12-25,78.16
C0270,2024-01-29,166.05
C0271,2024-04-10,175.12
C0271,2024-09-17,182.08
C0271,2024-08-27,87.41
C0271,2024-04-22,275.46
C0271,2024-07-01,202.61
C0271,2024-05-21,268.79
C0272,2024-06-20,275.39
C0272,2024-05-04,176.01
C0272,2024-07-23,261.59
C0273,2024-09-11,258.8
C0273,2024-07-23,94.8
C0273,2024-06-02,261.86
C0273,2024-07-08,151.86
C0274,2024-03-22,299.48
C0274,2024-04-23,205.66
C0274,2024-05-12,170.46
C0274,2024-06-12,291.46
C0274,2024-03-30,266.82
C0275,2024-07-16,67.53
C0275,2024-11-03,67.46
C0276,2024-06-18,121.72
C0276,2024-08-02,114.74
C0277,2024-05-02,264.17
C0277,2024-04-29,203.95
C0277,2024-04-18,270.18
C0277,2024-06-16,165.93
C0277,2024-08-25,297.95
C0277,2024-06-27,241.26
C0278,2024-10-22,76.71
C0278,2024-12-02,98.34
C0279,2024-09-11,196.09
C0279,2024-08-11,183.24
C0279,2024-05-13,295.85
C0279,2024-05-30,269.43
C0279,2024-04-22,237.32
C0280,2024-10-18,180.05
C0280,2024-06-26,159.73
C0280,2024-05-21,162.09
C0281,2024-05-24,190.08
C0281,2024-05-27,221.74
C0281,2024-08-15,222.7
C0281,2024-06-15,114.37
C0281,2024-09-09,258.26
C0282,2024-01-01,155.77
C0282,2023-10-22,117.94
C0283,2023-10-20,52.87
C0283,2023-12-25,53.74
C0283,2024-02-16,154.95
C0284,2024-08-28,390.0
C0284,2024-07-11,337.58
C0284,2024-06-23,483.74
C0284,2024-12-11,203.79
C0284,2024-11-17,441.83
C0284,2024-10-19,472.46
C0284,2024-11-28,409.2
C0284,2024-09-07,274.22
C0284,2024-07-27,395.92
C0284,2024-11-25,298.17
C0284,2024-07-19,470.49
C0284,2024-10-01,458.34
C0284,2024-08-02,391.74
C0284,2024-12-17,325.55
C0284,2024-06-20,460.13
C0284,2024-07-01,281.4
C0284,2024-09-27,459.6
C0284,2024-10-12,499.03
C0284,2024-11-17,464.08
C0285,2024-08-04,104.28
C0286,2024-11-28,271.63
C0286,2024-10-26,491.37
C0286,2024-06-24,384.26
C0286,2024-11-06,478.29
C0286,2024-07-24,343.16
C0286,2024-09-11,174.86
C0286,2024-09-01,208.84
C0286,2024-11-28,169.33
C0286,2024-08-02,176.19
C0286,2024-12-03,201.55
C0286,2024-08-09,494.86
C0286,2024-11-08,190.05
C0287,2024-06-08,125.8
C0287,2024-07-19,105.67
C0288,2024-10-07,45.56
C0289,2024-06-19,103.05
C0289,2024-07-25,59.38
C0289,2024-04-28,75.52
C0289,2024-08-03,72.04
C0290,2024-07-20,148.41
C0290,2024-07-27,39.93
C0291,2024-11-28,347.19
C0291,2024-09-04,204.59
C0291,2024-05-31,353.24
C0291,2024-06-24,256.27
C0291,2024-07-10,368.4
C0291,2024-08-19,210.99
C0291,2024-09-13,178.8
C0291,2024-10-13,400.32
C0291,2024-06-11,296.51
C0292,2024-07-22,271.47
C0292,2024-11-22,383.52
C0292,2024-06-25,382.47
C0292,2024-08-26,259.86
C0292,2024-10-08,194.22
C0292,2024-11-27,496.31
C0292,2024-07-26,479.15
C0292,2024-09-19,314.8
C0292,2024-06-02,345.85
C0292,2024-11-02,443.38
C0292,2024-09-30,190.95
C0292,2024-10-23,292.38
C0292,2024-06-10,394.49
C0292,2024-06-06,416.86
C0292,2024-10-09,466.15
C0292,2024-08-23,483.01
C0293,2024-09-11,207.45
C0293,2024-08-29,271.31
C0293,2024-10-04,130.56
C0293,2024-10-19,285.11
C0293,2024-09-11,225.57
C0293,2024-05-20,205.59
C0293,2024-10-05,141.3
C0294,2023-11-28,140.58
C0294,2023-11-12,195.49
C0294,2024-02-14,105.68
C0294,2024-04-20,106.18
C0294,2024-01-18,190.83
C0295,2024-06-26,405.31
C0295,2024-09-18,428.57
C0295,2024-06-13,495.98
C0295,2024-08-15,227.18
C0295,2024-09-27,237.38
C0295,2024-07-23,413.09
C0295,2024-11-05,454.73
C0295,2024-08-28,168.73
C0295,2024-09-30,203.22
C0295,2024-08-13,272.93
C0295,2024-12-03,252.88
C0295,2024-10-09,472.26
C0295,2024-09-02,480.63
C0295,2024-10-09,222.64
C0295,2024-08-31,467.95
C0295,2024-07-06,152.25
C0295,2024-07-17,416.2
C0295,2024-12-04,365.34
C0296,2024-07-22,114.49
C0296,2024-12-01,122.33
C0297,2024-08-30,228.37
C0297,2024-06-10,124.98
C0297,2024-07-19,222.25
C0297,2024-05-19,227.41
C0297,2024-03-16,192.17
C0297,2024-07-21,91.05
C0297,2024-03-16,141.26
C0298,2024-02-28,175.88
C0298,2024-07-13,169.4
C0299,2024-11-19,70.32
C0300,2024-06-29,216.2
C0300,2024-07-29,210.72
C0300,2024-10-27,363.77
C0300,2024-11-19,287.23
C0300,2024-08-14,348.96
C0300,2024-09-27,420.47
C0300,2024-07-24,344.76
C0300,2024-10-07,442.27
C0300,2024-11-05,285.56
C0300,2024-07-06,261.32
C0300,2024-06-22,300.89
C0300,2024-06-14,421.34
C0300,2024-09-07,270.78
C0300,2024-11-12,266.27
C0300,2024-06-20,383.75
C0300,2024-10-09,372.98
C0300,2024-12-14,378.68
C0300,2024-06-30,261.14
C0300,2024-06-20,366.87
C0301,2024-10-06,272.64
C0301,2024-06-19,248.57
C0301,2024-10-16,309.47
C0301,2024-10-16,400.62
C0301,2024-08-30,271.41
C0301,2024-06-08,496.54
C0301,2024-06-10,247.35
C0301,2024-08-31,259.61
C0301,2024-11-15,241.37
C0301,2024-10-26,442.1
C0301,2024-06-05,494.7
C0301,2024-08-21,475.02
C0302,2024-07-21,58.8
C0302,2024-06-04,101.43
C0303,2024-06-18,83.85
C0303,2024-10-04,52.73
C0304,2024-08-27,120.14
C0304,2024-04-30,62.76
C0305,2024-04-28,259.83
C0305,2024-03-25,287.14
C0305,2024-06-06,81.51
C0305,2024-06-14,225.98
C0305,2024-09-01,237.77
C0306,2024-04-23,280.02
C0306,2024-06-15,145.75
C0306,2024-05-21,139.76
C0306,2024-06-13,240.54
C0307,2024-06-08,81.59
C0308,2023-11-03,122.87
C0308,2024-01-16,93.19
C0309,2024-08-27,219.09
C0309,2024-06-13,165.83
C0309,2024-08-03,278.53
C0309,2024-06-22,127.94
C0310,2023-11-22,189.73
C0310,2023-11-09,148.55
C0310,2023-08-10,111.63
C0310,2023-10-06,99.02
C0311,2023-12-18,167.0
C0311,2023-10-18,136.53
C0312,2024-11-01,182.26
C0312,2024-09-16,225.14
C0312,2024-10-15,463.49
C0312,2024-12-25,408.6
C0312,2024-06-22,365.93
C0312,2024-12-16,336.3
C0312,2024-10-12,455.59
C0312,2024-08-26,411.86
C0312,2024-06-18,478.41
C0312,2024-06-28,298.24
C0312,2024-09-24,240.88
C0312,2024-06-24,300.93
C0312,2024-07-18,167.62
C0312,2024-11-05,159.54
C0313,2024-11-17,229.28
C0313,2024-08-20,351.05
C0313,2024-06-01,391.07
C0313,2024-06-22,438.24
C0313,2024-11-17,317.07
C0313,2024-12-01,205.41
C0313,2024-11-22,264.86
C0313,2024-09-10,204.61
C0314,2024-03-27,265.0
C0314,2024-05-29,120.19
C0314,2024-07-06,257.85
C0315,2024-10-24,181.01
C0315,2024-05-27,83.69
C0315,2024-04-23,285.42
C0315,2024-09-18,172.57
C0315,2024-05-28,87.18
C0315,2024-11-01,148.6
C0315,2024-06-25,115.47
C0316,2024-06-19,69.85
C0316,2024-10-29,131.38
C0317,2024-03-16,67.45
C0317,2024-04-10,166.04
C0317,2023-11-18,61.52
C0317,2023-12-04,84.72
C0318,2024-06-13,166.38
C0318,2024-07-07,364.14
C0318,2024-07-14,464.74
C0318,2024-10-17,187.06
C0318,2024-11-04,412.51
C0318,2024-05-22,386.54
C0318,2024-07-17,247.33
C0318,2024-09-29,344.71
C0318,2024-07-15,164.67
C0318,2024-06-16,227.03
C0319,2024-08-15,325.85
C0319,2024-07-11,241.82
C0319,2024-11-14,442.77
C0319,2024-10-19,477.01
C0319,2024-09-05,282.87
C0319,2024-08-26,370.44
C0319,2024-11-29,413.34
C0319,2024-08-05,165.07
C0319,2024-09-03,299.96
C0320,2023-12-10,184.04
C0320,2023-12-30,174.94
C0320,2024-01-16,191.48
C0320,2024-02-11,106.86
C0320,2023-12-30,125.07
C0321,2024-11-29,88.08
C0321,2024-09-09,62.93
C0322,2024-09-04,151.55
C0322,2024-05-10,203.07
C0322,2024-05-27,81.4
C0322,2024-04-18,233.27
C0323,2024-10-08,117.4
C0324,2023-09-12,116.09
C0324,2023-09-17,110.03
C0325,2024-09-14,299.48
C0325,2024-07-03,225.09
C0325,2024-08-30,106.49
C0325,2024-07-06,119.86
C0325,2024-06-26,275.17
C0326,2024-06-23,200.22
C0326,2024-09-17,250.78
C0326,2024-06-27,177.3
C0326,2024-08-04,277.55
C0326,2024-08-20,154.92
C0326,2024-06-12,83.65
C0326,2024-07-31,115.12
C0327,2024-11-18,58.06
C0327,2024-11-17,129.62
C0328,2024-07-05,46.26
C0328,2024-05-09,63.59
C0329,2024-02-20,112.94
C0329,2024-04-27,82.05
C0329,2024-06-04,136.09
C0330,2023-07-18,137.49
C0330,2024-01-15,167.24
C0330,2023-07-30,87.18
C0331,2023-12-15,109.65
C0331,2024-02-11,59.28
C0331,2024-01-17,156.42
C0332,2024-07-03,263.12
C0332,2024-11-04,128.79
C0332,2024-07-24,137.07
C0332,2024-11-13,284.69
C0332,2024-10-16,179.01
C0332,2024-08-20,217.82
C0333,2024-07-18,266.2
C0333,2024-09-29,167.95
C0333,2024-08-07,415.68
C0333,2024-11-10,267.04
C0333,2024-06-17,335.48
C0333,2024-11-20,225.69
C0333,2024-11-18,431.9
C0333,2024-11-12,468.78
C0333,2024-11-10,202.24
C0333,2024-09-30,271.3
C0333,2024-08-01,292.96
C0333,2024-11-23,209.95
C0334,2024-11-28,287.17
C0334,2024-11-24,217.7
C0334,2024-10-27,491.61
C0334,2024-09-19,460.13
C0334,2024-07-01,259.17
C0334,2024-10-16,230.5
C0334,2024-08-03,376.84
C0334,2024-09-03,385.33
C0334,2024-06-26,199.39
C0334,2024-11-26,438.52
C0334,2024-10-07,165.85
C0334,2024-10-02,408.28
C0334,2024-07-16,178.71
C0335,2024-10-20,178.43
C0335,2024-10-22,305.58
C0335,2024-08-30,495.95
C0335,2024-07-09,209.17
C0335,2024-06-27,380.8
C0335,2024-06-01,327.48
C0335,2024-06-27,251.3
C0335,2024-06-05,418.8
C0335,2024-05-30,293.92
C0335,2024-07-26,366.57
C0335,2024-11-16,325.25
C0336,2024-07-05,391.18
C0336,2024-08-04,195.21
C0336,2024-09-17,422.83
C0336,2024-07-10,333.26
C0336,2024-07-24,164.05
C0336,2024-09-10,218.25
C0336,2024-10-25,223.61
C0336,2024-08-27,427.01
C0336,2024-08-27,452.95
C0336,2024-08-25,171.35
C0336,2024-11-01,182.65
C0336,2024-09-27,446.41
C0336,2024-11-29,203.12
C0336,2024-11-14,357.98
C0337,2024-05-24,81.19
C0337,2024-04-16,174.39
C0337,2024-05-02,111.55
C0337,2024-07-11,129.78
C0338,2024-09-12,151.24
C0338,2024-07-09,223.49
C0338,2024-09-05,93.19
C0338,2024-09-30,106.84
C0338,2024-07-07,104.96
C0338,2024-08-03,155.09
C0339,2024-10-02,79.36
C0339,2024-09-25,85.84
C0340,2024-09-17,432.37
C0340,2024-06-29,159.75
C0340,2024-10-23,422.11
C0340,2024-06-26,341.85
C0340,2024-07-23,322.41
C0340,2024-08-14,382.34
C0340,2024-10-05,289.26
C0340,2024-12-07,461.63
C0340,2024-07-19,208.07
C0340,2024-09-10,325.1
C0340,2024-08-06,341.34
C0340,2024-09-12,360.32
C0340,2024-08-02,430.07
C0340,2024-10-25,292.31
C0340,2024-06-07,400.15
C0340,2024-07-11,404.39
C0341,2024-06-10,138.03
C0342,2024-06-22,130.5
C0343,2024-11-06,253.54
C0343,2024-08-27,245.18
C0343,2024-06-10,473.5
C0343,2024-07-18,371.8
C0343,2024-05-30,389.62
C0343,2024-09-24,382.77
C0343,2024-07-25,194.58
C0343,2024-10-29,197.1
C0343,2024-10-31,473.49
C0343,2024-10-21,471.44
C0343,2024-09-07,261.39
C0344,2024-02-14,159.34
C0344,2024-01-09,94.82
C0344,2024-03-29,50.0
C0344,2024-04-10,98.41
C0345,2024-02-24,51.93
C0345,2024-05-12,177.67
C0345,2024-05-09,184.82
C0345,2024-05-15,62.76
C0345,2024-01-12,107.61
C0346,2024-09-09,76.65
C0346,2024-08-20,76.79
C0347,2024-06-23,41.6
C0348,2024-11-01,305.44
C0348,2024-07-21,180.68
C0348,2024-12-09,498.45
C0348,2024-11-09,312.33
C0348,2024-08-20,264.43
C0348,2024-09-05,261.41
C0348,2024-06-14,385.38
C0348,2024-10-16,357.31
C0348,2024-09-04,196.62
C0348,2024-08-16,408.48
C0348,2024-06-11,352.47
C0348,2024-09-07,239.86
C0348,2024-07-11,455.5
C0348,2024-12-06,405.59
C0348,2024-07-05,423.12
C0348,2024-08-06,158.99
C0348,2024-09-30,257.64
C0348,2024-09-05,365.99
C0349,2024-01-05,68.83
C0349,2024-06-11,128.53
C0349,2024-03-30,121.77
C0350,2024-07-16,122.58
C0351,2024-11-04,147.06
C0351,2024-06-13,58.05
C0352,2024-05-20,285.16
C0352,2024-07-16,189.59
C0352,2024-04-13,167.82
C0352,2024-06-28,147.71
C0353,2024-09-30,147.24
C0353,2024-09-23,99.98
C0354,2024-08-19,176.12
C0354,2024-09-05,313.16
C0354,2024-07-17,395.15
C0354,2024-09-06,344.76
C0354,2024-06-29,479.55
C0354,2024-07-05,157.33
C0354,2024-09-20,473.44
C0354,2024-12-04,418.28
C0354,2024-08-21,256.06
C0354,2024-08-23,386.48
C0354,2024-10-03,475.72
C0354,2024-12-10,308.96
C0354,2024-12-06,279.51
C0355,2024-06-19,192.16
C0355,2024-11-11,352.91
C0355,2024-10-13,282.24
C0355,2024-10-16,313.35
C0355,2024-09-03,327.08
C0355,2024-09-22,171.39
C0355,2024-09-08,499.21
C0355,2024-07-04,479.37
C0355,2024-06-19,190.3
C0355,2024-06-13,150.07
C0355,2024-10-23,365.75
C0355,2024-06-26,309.38
C0355,2024-12-02,377.07
C0355,2024-06-23,213.18
C0355,2024-06-07,360.63
C0355,2024-08-06,188.92
C0356,2024-06-02,45.22
C0357,2024-06-25,163.33
C0357,2024-07-25,223.09
C0357,2024-11-30,343.33
C0357,2024-06-09,455.17
C0357,2024-10-30,190.77
C0357,2024-07-05,431.05
C0357,2024-06-09,335.49
C0357,2024-10-22,348.05
C0357,2024-09-17,201.93
C0357,2024-07-01,253.71
C0357,2024-11-18,345.42
C0357,2024-05-31,280.04
C0358,2024-11-06,142.75
C0359,2024-09-07,190.55
C0359,2024-09-16,97.64
C0359,2024-08-11,218.62
C0359,2024-09-10,252.36
C0360,2024-12-24,68.77
C0361,2024-03-11,76.57
C0361,2024-03-31,140.5
C0361,2024-01-09,110.81
C0362,2024-09-10,149.48
C0363,2024-05-19,87.75
C0363,2024-10-24,144.06
C0364,2024-07-09,134.86
C0365,2024-05-27,204.72
C0365,2024-07-10,176.77
C0365,2024-05-08,85.3
C0365,2024-05-16,92.0
C0365,2024-11-01,121.64
C0365,2024-05-22,127.59
C0366,2023-11-14,79.53
C0366,2024-05-08,173.95
C0367,2024-06-05,190.78
C0367,2024-09-04,128.0
C0367,2024-05-22,218.92
C0367,2024-09-01,177.99
C0368,2024-05-18,270.58
C0368,2024-04-25,213.12
C0368,2024-04-13,217.64
C0368,2024-09-30,84.62
C0368,2024-05-12,93.11
C0368,2024-03-26,248.01
C0368,2024-04-05,129.89
C0369,2024-11-21,368.87
C0369,2024-08-05,207.18
C0369,2024-09-14,409.8
C0369,2024-11-07,285.35
C0369,2024-11-30,284.79
C0369,2024-10-29,329.1
C0369,2024-07-12,459.25
C0369,2024-11-28,443.7
C0369,2024-09-13,316.05
C0369,2024-06-10,171.71
C0369,2024-10-22,343.65
C0369,2024-11-20,348.11
C0369,2024-11-27,345.26
C0369,2024-09-20,189.74
C0370,2024-10-07,165.42
C0370,2024-07-01,465.97
C0370,2024-08-26,375.95
C0370,2024-12-16,265.64
C0370,2024-08-29,309.0
C0370,2024-08-26,177.02
C0370,2024-12-05,494.41
C0370,2024-06-12,193.15
C0370,2024-08-27,388.2
C0370,2024-07-06,275.35
C0370,2024-06-29,391.75
C0370,2024-06-03,482.14
C0370,2024-11-29,474.82
C0370,2024-11-04,344.16
C0371,2024-05-31,209.46
C0371,2024-09-04,374.64
C0371,2024-07-03,418.09
C0371,2024-07-21,295.41
C0371,2024-09-28,211.98
C0371,2024-09-29,488.73
C0371,2024-11-29,405.03
C0371,2024-06-12,190.16
C0371,2024-06-15,232.92
C0372,2024-08-16,366.14
C0372,2024-09-21,387.14
C0372,2024-10-28,316.28
C0372,2024-10-10,423.57
C0372,2024-08-20,369.71
C0372,2024-06-12,423.85
C0372,2024-11-07,263.72
C0372,2024-11-16,456.01
C0372,2024-08-16,405.59
C0372,2024-06-02,293.39
C0372,2024-08-15,364.3
C0372,2024-06-11,429.71
C0372,2024-09-21,433.66
C0372,2024-09-11,406.05
C0372,2024-11-09,441.41
C0372,2024-08-11,173.79
C0373,2024-07-26,461.55
C0373,2024-08-22,295.54
C0373,2024-10-08,386.52
C0373,2024-08-23,331.86
C0373,2024-11-03,170.71
C0373,2024-11-29,386.41
C0373,2024-06-22,497.93
C0373,2024-10-16,205.56
C0374,2024-09-16,82.09
C0375,2024-10-03,274.03
C0375,2024-08-14,384.23
C0375,2024-06-19,395.25
C0375,2024-09-02,275.23
C0375,2024-07-14,351.46
C0375,2024-07-11,315.11
C0375,2024-07-09,260.25
C0375,2024-06-18,223.54
C0375,2024-08-14,439.62
C0375,2024-06-11,274.19
C0375,2024-10-18,165.16
C0375,2024-09-07,241.41
C0376,2023-09-16,111.86
C0376,2023-12-13,160.25
C0377,2024-03-24,109.3
C0377,2024-06-08,280.63
C0377,2024-06-17,211.85
C0377,2024-04-01,120.21
C0377,2024-07-21,81.42
C0377,2024-05-06,279.76
C0377,2024-08-10,100.09
C0378,2024-10-13,479.52
C0378,2024-08-23,315.08
C0378,2024-07-19,160.83
C0378,2024-06-09,342.69
C0378,2024-08-15,193.88
C0378,2024-11-13,463.8
C0378,2024-07-18,157.9
C0378,2024-08-14,351.99
C0378,2024-09-20,260.63
C0378,2024-07-24,432.94
C0378,2024-11-23,412.45
C0378,2024-10-06,350.24
C0378,2024-07-24,207.62
C0378,2024-09-29,219.53
C0378,2024-06-18,284.66
C0378,2024-09-20,344.3
C0378,2024-08-06,356.38
C0378,2024-10-09,365.4
C0379,2024-09-24,117.8
C0379,2024-09-25,237.28
C0379,2024-10-07,142.32
C0379,2024-06-22,258.61
C0379,2024-10-10,165.24
C0380,2024-05-09,169.8
C0380,2024-04-16,89.9
C0380,2024-04-05,73.07
C0380,2024-07-05,156.05
C0380,2024-08-21,134.69
C0381,2024-12-15,435.63
C0381,2024-12-13,498.93
C0381,2024-10-04,222.94
C0381,2024-09-03,457.91
C0381,2024-06-09,230.88
C0381,2024-12-08,198.17
C0381,2024-12-06,227.23
C0381,2024-11-05,450.69
C0381,2024-08-19,295.69
C0382,2024-10-10,121.2
C0383,2024-09-13,141.8
C0383,2024-07-28,147.19
C0384,2024-06-06,146.74
C0384,2024-05-15,274.98
C0384,2024-08-13,113.41
C0384,2024-10-21,166.58
C0384,2024-07-03,292.35
C0384,2024-07-11,206.51
C0384,2024-07-27,239.74
C0385,2024-06-29,174.04
C0385,2024-06-10,148.92
C0385,2024-07-29,131.09
C0385,2024-08-08,81.5
C0385,2024-06-02,123.7
C0386,2024-09-11,245.28
C0386,2024-03-27,248.34
C0386,2024-09-12,120.22
C0387,2024-05-20,53.84
C0387,2024-04-08,59.36
C0387,2024-02-06,90.11
C0388,2024-10-05,433.09
C0388,2024-11-12,341.07
C0388,2024-07-04,450.54
C0388,2024-07-22,424.78
C0388,2024-11-18,201.34
C0388,2024-07-25,184.13
C0388,2024-08-12,388.89
C0388,2024-07-24,168.82
C0388,2024-07-03,376.0
C0388,2024-11-28,235.25
C0389,2024-06-27,118.97
C0389,2024-04-30,110.21
C0389,2024-08-07,98.54
C0389,2024-09-12,225.71
C0390,2024-03-27,288.06
C0390,2024-07-25,256.71
C0390,2024-06-05,235.11
C0390,2024-03-15,98.03
C0390,2024-03-10,217.5
C0391,2024-10-30,291.08
C0391,2024-05-11,164.35
C0391,2024-10-16,260.52
C0391,2024-10-15,200.76
C0391,2024-06-01,168.39
C0392,2023-07-12,140.65
C0392,2023-07-23,174.31
C0393,2024-05-08,190.08
C0393,2024-05-25,175.83
C0393,2024-02-23,155.85
C0393,2024-07-02,104.45
C0393,2024-08-15,95.64
C0394,2024-08-20,169.71
C0394,2024-08-23,95.6
C0394,2024-10-14,229.42
C0394,2024-10-05,131.28
C0394,2024-08-23,134.73
C0394,2024-09-24,269.97
C0395,2023-10-28,137.39
C0395,2023-10-08,131.64
C0395,2024-01-31,58.42
C0396,2024-05-18,117.75
C0396,2024-06-26,176.95
C0396,2024-04-10,106.82
C0396,2024-04-16,110.44
C0396,2024-05-03,167.29
C0396,2024-05-09,96.14
C0397,2024-07-06,171.33
C0397,2024-07-15,170.36
C0397,2024-09-16,123.06
C0398,2024-03-16,151.03
C0398,2024-01-27,118.7
C0398,2024-01-12,56.91
C0398,2024-03-06,126.93
C0398,2024-04-13,139.41
C0399,2024-07-18,282.55
C0399,2024-09-09,162.81
C0399,2024-04-13,124.93
C0400,2024-04-20,103.19
C0400,2024-07-07,281.3
C0400,2024-08-19,141.91
C0400,2024-05-13,116.92
C0400,2024-05-09,241.23
C0400,2024-07-17,239.29
C0400,2024-04-12,131.01
C0401,2024-07-29,329.34
C0401,2024-09-17,175.55
C0401,2024-10-10,367.47
C0401,2024-11-10,232.07
C0401,2024-06-08,162.46
C0401,2024-09-29,187.81
C0401,2024-11-04,168.84
C0401,2024-08-24,246.08
C0402,2024-05-20,256.53
C0402,2024-07-30,177.72
C0402,2024-10-12,259.32
C0403,2024-07-24,133.92
C0404,2024-07-28,181.36
C0404,2024-08-28,257.77
C0404,2024-06-10,297.12
C0404,2024-09-24,141.48
C0404,2024-04-24,275.03
C0405,2024-03-22,64.61
C0405,2024-02-16,130.2
C0406,2024-08-02,289.89
C0406,2024-04-16,260.15
C0406,2024-06-11,278.91
C0407,2024-01-10,96.17
C0407,2023-11-30,85.04
C0407,2023-09-29,77.74
C0407,2024-01-19,59.21
C0408,2024-10-28,281.9
C0408,2024-12-07,492.12
C0408,2024-08-25,322.53
C0408,2024-07-13,337.96
C0408,2024-06-19,483.69
C0408,2024-09-08,398.11
C0408,2024-08-29,254.32
C0408,2024-08-09,385.91
C0408,2024-09-10,470.53
C0408,2024-06-17,372.22
C0408,2024-08-04,264.2
C0408,2024-11-24,416.31
C0408,2024-08-22,437.44
C0408,2024-06-14,177.25
C0408,2024-07-03,316.78
C0408,2024-12-08,450.88
C0408,2024-08-28,448.88
C0408,2024-07-14,224.3
C0408,2024-10-25,442.75
C0409,2024-07-18,256.66
C0409,2024-07-04,123.83
C0409,2024-09-06,190.82
C0409,2024-06-07,162.95
C0409,2024-05-04,246.0
C0410,2024-12-11,208.65
C0410,2024-08-10,306.52
C0410,2024-07-26,428.75
C0410,2024-11-11,293.92
C0410,2024-08-06,204.52
C0410,2024-10-16,180.61
C0410,2024-07-20,227.18
C0410,2024-09-07,163.93
C0410,2024-07-12,223.46
C0410,2024-09-25,483.77
C0410,2024-11-17,407.15
C0410,2024-11-07,212.68
C0410,2024-06-04,190.54
C0410,2024-10-05,199.42
C0411,2024-01-29,126.22
C0411,2024-03-28,107.24
C0411,2024-02-17,121.72
C0411,2024-03-31,144.15
C0412,2024-07-25,286.37
C0412,2024-06-01,244.06
C0412,2024-09-02,217.6
C0412,2024-08-09,283.3
C0412,2024-07-17,153.65
C0412,2024-10-16,227.71
C0412,2024-10-24,158.31
C0413,2024-06-07,164.07
C0413,2024-07-29,123.27
C0413,2024-04-26,224.71
C0413,2024-09-13,221.41
C0414,2024-11-05,93.13
C0414,2024-10-15,128.88
C0415,2024-05-13,126.11
C0416,2024-03-25,127.59
C0416,2024-04-17,101.44
C0416,2023-10-25,53.8
C0417,2023-11-17,158.79
C0417,2023-08-07,86.12
C0417,2023-08-17,80.32
C0417,2023-11-03,72.07
C0418,2024-01-06,84.74
C0418,2024-04-03,50.91
C0418,2024-01-30,86.83
C0418,2024-01-14,101.43
C0418,2024-05-13,74.25
C0419,2024-06-17,115.76
C0419,2024-09-08,95.6
C0420,2024-08-27,197.6
C0420,2024-10-22,240.35
C0420,2024-07-31,211.86
C0420,2024-10-23,161.86
C0420,2024-05-16,105.28
C0420,2024-06-30,289.45
C0420,2024-06-14,208.29
C0421,2024-09-06,189.82
C0421,2024-11-05,99.16
C0421,2024-10-29,173.23
C0421,2024-06-23,137.59
C0421,2024-05-31,177.87
C0422,2024-05-20,281.79
C0422,2024-11-11,205.17
C0422,2024-06-22,174.79
C0422,2024-05-30,155.21
C0422,2024-08-15,255.19
C0422,2024-06-29,159.92
C0422,2024-10-09,254.08
C0423,2024-11-09,409.57
C0423,2024-08-03,164.37
C0423,2024-11-01,288.27
C0423,2024-11-06,157.01
C0423,2024-08-29,385.81
C0423,2024-06-22,354.2
C0423,2024-09-24,366.72
C0423,2024-07-30,215.25
C0423,2024-10-08,340.99
C0423,2024-09-26,358.75
C0423,2024-07-17,412.01
C0423,2024-11-10,283.17
C0423,2024-06-13,488.54
C0424,2024-12-04,81.25
C0425,2024-11-06,337.47
C0425,2024-10-03,238.26
C0425,2024-09-13,383.36
C0425,2024-07-24,222.09
C0425,2024-07-05,163.74
C0425,2024-09-24,234.82
C0425,2024-11-27,285.69
C0425,2024-11-02,342.73
C0426,2024-06-08,142.65
C0426,2024-06-12,117.75
C0427,2024-03-10,136.03
C0427,2023-12-17,190.51
C0427,2024-01-14,124.59
C0428,2024-10-24,152.13
C0428,2024-07-11,215.11
C0428,2024-07-17,166.6
C0428,2024-09-01,202.21
C0428,2024-10-23,154.8
C0428,2024-06-09,267.31
C0429,2024-03-05,177.13
C0429,2024-07-07,91.12
C0430,2024-09-28,397.31
C0430,2024-10-30,191.69
C0430,2024-07-28,218.77
C0430,2024-11-19,331.33
C0430,2024-09-25,262.72
C0430,2024-11-25,396.52
C0430,2024-08-22,383.42
C0430,2024-11-01,257.19
C0430,2024-11-22,393.67
C0430,2024-10-29,334.66
C0431,2024-12-13,404.13
C0431,2024-07-31,427.16
C0431,2024-08-30,318.8
C0431,2024-09-11,360.2
C0431,2024-08-04,397.6
C0431,2024-09-29,366.02
C0431,2024-08-13,353.94
C0431,2024-12-04,472.91
C0431,2024-10-03,402.4
C0432,2024-10-02,217.14
C0432,2024-06-08,134.74
C0432,2024-10-11,196.3
C0432,2024-05-27,110.0
C0432,2024-10-03,258.89
C0432,2024-06-23,120.87
C0432,2024-06-29,175.97
C0433,2024-05-16,119.99
C0433,2024-08-20,96.98
C0434,2024-12-05,472.93
C0434,2024-08-12,250.76
C0434,2024-07-24,408.0
C0434,2024-06-19,316.17
C0434,2024-11-11,448.27
C0434,2024-06-18,154.2
C0434,2024-08-02,368.23
C0434,2024-11-17,319.76
C0434,2024-12-15,385.46
C0435,2024-09-29,364.97
C0435,2024-08-04,310.15
C0435,2024-11-05,300.2
C0435,2024-06-07,412.55
C0435,2024-09-03,445.98
C0435,2024-10-27,218.24
C0435,2024-08-20,439.79
C0435,2024-06-21,171.68
C0435,2024-11-12,313.19
C0435,2024-11-15,162.76
C0435,2024-06-11,298.73
C0435,2024-09-12,191.29
C0436,2024-09-07,137.73
C0436,2024-04-01,166.52
C0436,2024-06-17,178.8
C0437,2024-07-10,266.35
C0437,2024-09-06,366.03
C0437,2024-11-03,278.38
C0437,2024-07-18,291.48
C0437,2024-06-09,488.2
C0437,2024-05-31,347.62
C0437,2024-06-25,360.28
C0437,2024-10-24,331.02
C0437,2024-10-22,370.77
C0438,2024-05-12,246.71
C0438,2024-09-21,117.35
C0438,2024-06-27,283.42
C0438,2024-09-22,104.93
C0438,2024-10-27,280.82
C0438,2024-11-09,116.21
C0438,2024-05-16,134.94
C0439,2024-09-01,193.37
C0439,2024-05-28,193.24
C0439,2024-09-15,279.37
C0439,2024-08-14,292.01
C0439,2024-09-14,269.35
C0439,2024-11-28,82.32
C0439,2024-07-18,285.16
C0440,2024-12-04,162.33
C0440,2024-06-15,430.71
C0440,2024-12-05,457.94
C0440,2024-12-15,217.18
C0440,2024-10-29,368.23
C0440,2024-06-22,260.68
C0440,2024-07-30,220.63
C0440,2024-08-15,384.41
C0440,2024-07-17,386.74
C0440,2024-07-30,214.42
C0440,2024-09-26,280.55
C0440,2024-08-10,229.03
C0440,2024-11-24,480.47
C0440,2024-07-22,264.16
C0440,2024-07-05,222.1
C0441,2024-06-10,495.03
C0441,2024-09-03,347.9
C0441,2024-10-24,261.27
C0441,2024-11-02,306.04
C0441,2024-09-06,255.63
C0441,2024-09-10,180.35
C0441,2024-12-04,291.06
C0441,2024-06-17,367.42
C0441,2024-09-08,196.79
C0441,2024-08-28,215.43
C0441,2024-09-04,479.47
C0441,2024-08-26,434.57
C0441,2024-10-02,478.36
C0441,2024-10-09,369.98
C0441,2024-10-06,395.28
C0441,2024-05-30,473.28
C0441,2024-10-26,221.68
C0441,2024-08-17,232.46
C0442,2024-03-13,142.21
C0442,2024-04-24,290.0
C0442,2024-06-08,221.41
C0442,2024-08-06,294.86
C0442,2024-06-05,256.4
C0442,2024-02-29,220.88
C0442,2024-07-20,119.74
C0443,2024-03-04,98.93
C0443,2024-03-20,138.96
C0443,2024-04-01,141.23
C0443,2024-01-12,86.38
C0444,2023-12-29,58.77
C0444,2024-01-09,93.39
C0444,2024-03-17,75.2
C0444,2024-03-01,110.0
C0444,2023-12-18,179.84
C0445,2024-07-27,211.52
C0445,2024-09-17,255.05
C0445,2024-06-15,234.24
C0445,2024-08-18,191.02
C0446,2024-06-11,88.45
C0446,2024-05-09,245.07
C0446,2024-08-28,172.56
C0446,2024-07-09,268.5
C0447,2024-06-16,197.95
C0447,2024-04-14,177.58
C0447,2024-02-25,144.89
C0448,2024-06-06,98.31
C0448,2024-05-26,95.13
C0448,2024-08-03,86.69
C0448,2024-03-15,273.1
C0448,2024-04-21,128.56
C0448,2024-03-30,93.69
C0449,2024-03-16,126.89
C0449,2023-11-08,120.41
C0449,2024-01-15,147.62
C0449,2024-02-16,78.9
C0450,2024-11-06,490.64
C0450,2024-11-14,229.62
C0450,2024-07-09,176.36
C0450,2024-11-24,437.19
C0450,2024-11-03,495.84
C0450,2024-11-16,265.23
C0450,2024-06-14,307.58
C0450,2024-12-18,398.38
C0450,2024-06-23,396.97
C0450,2024-08-01,183.84
C0450,2024-09-27,486.5
C0451,2024-09-15,84.81
C0451,2024-08-26,84.28
C0451,2024-09-02,182.9
C0451,2024-04-28,285.88
C0451,2024-05-16,85.96
C0451,2024-09-14,82.31
C0451,2024-08-17,214.09
C0452,2024-10-21,94.27
C0452,2024-08-03,60.1
C0453,2024-07-03,184.09
C0453,2024-02-25,123.11
C0453,2024-05-29,189.04
C0453,2024-07-04,189.65
C0454,2024-05-15,275.9
C0454,2024-11-08,111.42
C0454,2024-10-26,151.35
C0454,2024-09-17,141.38
C0454,2024-07-08,235.98
C0454,2024-07-05,260.53
C0455,2024-11-13,204.08
C0455,2024-08-18,275.21
C0455,2024-10-29,176.02
C0455,2024-07-04,180.44
C0455,2024-06-22,488.3
C0455,2024-06-08,267.21
C0455,2024-09-27,427.96
C0455,2024-10-18,478.17
C0455,2024-08-10,349.56
C0455,2024-11-11,486.26
C0456,2024-12-06,32.88
C0456,2024-12-21,83.99
C0457,2024-11-26,224.6
C0457,2024-08-18,484.55
C0457,2024-05-28,336.66
C0457,2024-11-07,183.94
C0457,2024-08-03,492.11
C0457,2024-05-30,170.21
C0457,2024-05-31,361.14
C0457,2024-05-31,340.33
C0457,2024-11-29,253.4
C0457,2024-06-26,496.6
C0457,2024-12-01,196.66
C0458,2024-08-31,31.64
C0458,2024-08-01,71.64
C0459,2024-12-08,161.34
C0459,2024-06-18,427.91
C0459,2024-11-26,269.72
C0459,2024-10-08,396.92
C0459,2024-06-29,412.71
C0459,2024-12-13,241.3
C0459,2024-10-25,214.89
C0459,2024-09-11,328.88
C0459,2024-07-30,445.68
C0459,2024-07-16,349.92
C0459,2024-12-05,379.02
C0459,2024-06-29,349.22
C0459,2024-07-04,307.54
C0459,2024-07-14,280.22
C0459,2024-07-30,195.99
C0459,2024-06-19,288.07
C0459,2024-06-06,488.36
C0459,2024-11-18,342.62
C0459,2024-08-03,271.82
C0460,2024-06-16,305.2
C0460,2024-06-14,334.13
C0460,2024-07-28,243.37
C0460,2024-11-07,407.77
C0460,2024-07-12,187.24
C0460,2024-09-28,198.64
C0460,2024-08-12,260.47
C0460,2024-08-07,481.98
C0460,2024-09-08,217.29
C0460,2024-09-14,417.35
C0460,2024-09-13,293.89
C0461,2024-08-31,494.17
C0461,2024-06-04,291.79
C0461,2024-11-06,400.59
C0461,2024-08-20,152.72
C0461,2024-11-02,408.85
C0461,2024-08-13,288.4
C0461,2024-12-02,160.62
C0461,2024-06-22,296.09
C0461,2024-07-10,226.16
C0461,2024-09-22,483.66
C0461,2024-10-11,174.12
C0461,2024-09-15,271.74
C0461,2024-12-10,238.89
C0461,2024-10-12,193.98
C0461,2024-09-20,233.56
C0461,2024-08-05,416.11
C0461,2024-08-02,226.11
C0462,2024-11-17,133.95
C0463,2024-09-23,133.16
C0463,2024-06-15,237.65
C0463,2024-10-26,138.69
C0463,2024-08-14,175.09
C0463,2024-09-23,244.25
C0464,2024-11-29,112.47
C0465,2024-09-11,82.16
C0465,2024-03-17,129.68
C0465,2024-06-13,232.54
C0466,2024-04-24,70.56
C0466,2024-06-07,94.09
C0466,2024-02-09,197.59
C0467,2024-03-01,198.11
C0467,2024-05-02,65.66
C0468,2024-11-08,281.32
C0468,2024-08-16,167.29
C0468,2024-07-26,205.02
C0468,2024-06-01,80.46
C0468,2024-07-24,153.43
C0468,2024-11-10,238.89
C0468,2024-07-27,205.25
C0469,2023-12-01,116.69
C0469,2024-04-10,84.93
C0469,2024-03-01,94.47
C0470,2024-04-24,223.54
C0470,2024-04-06,178.16
C0470,2024-05-14,109.32
C0471,2024-08-02,207.24
C0471,2024-07-21,187.17
C0471,2024-10-10,255.63
C0471,2024-09-26,189.89
C0471,2024-08-28,442.01
C0471,2024-07-07,417.67
C0471,2024-11-16,310.43
C0471,2024-08-08,162.03
C0472,2024-08-24,199.99
C0472,2024-05-10,175.04
C0472,2024-09-13,254.9
C0472,2024-10-11,102.95
C0472,2024-05-17,187.48
C0472,2024-10-25,196.2
C0472,2024-05-11,138.77
C0473,2024-09-08,453.8
C0473,2024-10-25,409.8
C0473,2024-06-03,176.35
C0473,2024-10-12,367.53
C0473,2024-07-08,240.12
C0473,2024-06-22,464.79
C0473,2024-06-05,284.77
C0473,2024-10-17,442.24
C0473,2024-07-08,327.45
C0473,2024-07-15,407.57
C0473,2024-09-07,450.37
C0473,2024-06-13,302.87
C0474,2024-09-01,284.75
C0474,2024-06-25,299.6
C0474,2024-04-28,129.06
C0474,2024-08-22,294.38
C0474,2024-08-15,84.76
C0475,2024-09-01,107.56
C0475,2024-06-11,91.71
C0476,2024-05-30,296.15
C0476,2024-10-08,245.39
C0476,2024-08-10,88.79
C0476,2024-09-12,101.34
C0476,2024-06-29,234.33
C0477,2024-12-18,299.41
C0477,2024-06-22,424.49
C0477,2024-07-21,374.38
C0477,2024-10-12,289.29
C0477,2024-10-03,173.12
C0477,2024-10-18,469.86
C0477,2024-08-18,317.25
C0477,2024-06-21,412.34
C0477,2024-09-28,400.36
C0477,2024-12-01,260.48
C0477,2024-12-12,379.43
C0477,2024-12-26,154.17
C0477,2024-12-24,454.39
C0477,2024-09-23,490.48
C0477,2024-11-02,322.89
C0477,2024-10-22,384.77
C0477,2024-07-14,325.36
C0478,2024-07-24,130.66
C0478,2024-06-17,72.23
C0479,2024-07-21,153.46
C0479,2024-03-07,280.45
C0479,2024-03-16,85.5
C0480,2024-12-04,131.25
C0480,2024-11-11,105.83
C0481,2024-11-05,40.96
C0482,2024-11-23,117.29
C0482,2024-11-16,52.59
C0483,2024-08-31,143.74
C0483,2024-06-09,130.84
C0484,2024-06-21,43.14
C0484,2024-06-18,128.34
C0485,2024-08-24,64.09
C0486,2024-06-08,176.96
C0486,2024-07-19,217.64
C0486,2024-06-26,243.17
C0486,2024-04-26,276.49
C0486,2024-07-26,157.55
C0487,2024-10-21,257.03
C0487,2024-09-24,450.51
C0487,2024-07-30,177.09
C0487,2024-06-19,214.44
C0487,2024-06-07,265.0
C0487,2024-11-30,352.56
C0487,2024-09-27,421.91
C0487,2024-10-09,396.15
C0487,2024-09-10,433.22
C0487,2024-07-09,411.63
C0487,2024-08-25,482.61
C0487,2024-10-02,156.71
C0487,2024-07-30,161.55
C0487,2024-08-23,208.28
C0487,2024-10-21,421.1
C0487,2024-05-28,323.03
C0487,2024-07-05,319.25
C0487,2024-11-12,200.48
C0488,2024-07-14,83.34
C0488,2024-07-26,163.06
C0488,2024-02-11,184.26
C0488,2024-07-27,152.51
C0489,2024-07-12,188.55
C0489,2024-07-23,178.55
C0489,2024-05-11,296.5
C0489,2024-06-18,279.35
C0489,2024-04-04,204.21
C0490,2024-10-22,136.97
C0490,2024-09-06,277.08
C0490,2024-07-16,288.41
C0490,2024-10-23,279.54
C0490,2024-04-09,129.08
C0491,2024-07-18,143.49
C0491,2024-10-15,92.51
C0492,2024-10-02,66.45
C0492,2024-09-13,70.28
C0493,2023-11-12,113.44
C0493,2023-11-27,66.08
C0493,2023-12-11,69.55
C0493,2023-10-16,160.05
C0494,2024-09-02,208.4
C0494,2024-11-05,232.9
C0494,2024-06-16,193.62
C0494,2024-07-18,338.05
C0494,2024-11-20,226.41
C0494,2024-10-28,370.06
C0494,2024-11-02,185.97
C0494,2024-09-12,309.45
C0494,2024-09-22,328.68
C0494,2024-09-29,298.67
C0494,2024-10-23,207.27
C0494,2024-06-18,386.0
C0495,2024-08-22,57.15
C0496,2023-07-14,169.78
C0496,2023-11-29,167.1
C0496,2023-10-19,107.43
C0497,2024-07-21,56.13
C0497,2024-11-21,67.24
C0498,2024-08-22,307.25
C0498,2024-06-18,211.17
C0498,2024-10-22,233.77
C0498,2024-06-12,238.49
C0498,2024-08-28,456.49
C0498,2024-10-05,469.27
C0498,2024-08-03,206.9
C0498,2024-07-06,240.0
C0499,2024-08-17,162.57
C0499,2024-08-14,180.7
C0499,2024-05-11,261.06
C0499,2024-08-21,223.5
C0500,2024-06-18,103.64
C0500,2024-04-12,207.51
C0500,2024-03-30,139.32
C0500,2024-08-05,81.55
C0500,2024-08-06,126.51
